4.285155999999999743e+00 4.317383000000000415e+00 4.334960999999999842e+00 3.809569999999999901e+00 4.337890999999999941e+00 3.974608999999999615e+00 3.405273000000000216e+00 3.825194999999999901e+00 4.368164000000000158e+00 3.814452999999999872e+00 3.869141000000000385e+00 3.852539000000000158e+00 4.375000000000000000e+00 3.799805000000000099e+00 4.010741999999999585e+00 4.051758000000000415e+00 4.053710999999999842e+00
3.952148000000000216e+00 3.843750000000000000e+00 3.888672000000000128e+00 4.312500000000000000e+00 3.896483999999999615e+00 4.394530999999999743e+00 3.510742000000000029e+00 4.304687999999999626e+00 3.759766000000000385e+00 4.334960999999999842e+00 4.375000000000000000e+00 4.373046999999999684e+00 3.679687999999999626e+00 4.347655999999999743e+00 4.292969000000000257e+00 4.343750000000000000e+00 4.327148000000000216e+00
4.324219000000000257e+00 4.313476999999999784e+00 4.291991999999999585e+00 3.875976999999999784e+00 4.309569999999999901e+00 3.651367000000000029e+00 3.840819999999999901e+00 3.913085999999999842e+00 4.286133000000000415e+00 3.820312000000000374e+00 3.717773000000000216e+00 3.695312000000000374e+00 4.164062000000000374e+00 3.771483999999999615e+00 3.945312000000000374e+00 3.760742000000000029e+00 3.844726999999999784e+00
3.888672000000000128e+00 3.904297000000000128e+00 3.984375000000000000e+00 4.385741999999999585e+00 3.976562000000000374e+00 4.148437999999999626e+00 4.356444999999999901e+00 4.411133000000000415e+00 3.992187999999999626e+00 4.321289000000000158e+00 4.240234000000000059e+00 4.244140999999999941e+00 4.186523000000000216e+00 4.355469000000000257e+00 4.397460999999999842e+00 4.297851999999999784e+00 4.356444999999999901e+00
4.349609000000000059e+00 4.354491999999999585e+00 4.236328000000000316e+00 3.696289000000000158e+00 4.271484000000000059e+00 4.184569999999999901e+00 3.740233999999999615e+00 3.565430000000000099e+00 4.314453000000000316e+00 3.843750000000000000e+00 4.032226999999999784e+00 4.077148000000000216e+00 4.104491999999999585e+00 3.743164000000000158e+00 3.659180000000000099e+00 3.879882999999999971e+00 3.758789000000000158e+00
3.793944999999999901e+00 3.789061999999999930e+00 4.080078000000000316e+00 4.215819999999999901e+00 4.005859000000000059e+00 4.128905999999999743e+00 4.222655999999999743e+00 3.898437999999999626e+00 3.861327999999999872e+00 4.346680000000000099e+00 4.292969000000000257e+00 4.309569999999999901e+00 4.309569999999999901e+00 4.234375000000000000e+00 4.156250000000000000e+00 4.386719000000000257e+00 4.333984000000000059e+00
4.343750000000000000e+00 4.348633000000000415e+00 4.246094000000000257e+00 4.102539000000000158e+00 4.287109000000000059e+00 4.248046999999999684e+00 4.094726999999999784e+00 4.428710999999999842e+00 4.420898000000000216e+00 3.807617000000000029e+00 3.966797000000000128e+00 3.882812000000000374e+00 3.871094000000000257e+00 4.061523000000000216e+00 4.223633000000000415e+00 3.676757999999999971e+00 3.798827999999999872e+00
3.776367000000000029e+00 3.776367000000000029e+00 4.046875000000000000e+00 4.221680000000000099e+00 3.973632999999999971e+00 4.041991999999999585e+00 4.236328000000000316e+00 3.550780999999999743e+00 3.567382999999999971e+00 4.292969000000000257e+00 4.375976999999999784e+00 4.393555000000000099e+00 4.390625000000000000e+00 4.318359000000000059e+00 4.036133000000000415e+00 4.211914000000000158e+00 4.328125000000000000e+00
4.285155999999999743e+00 4.283203000000000316e+00 4.268555000000000099e+00 4.093750000000000000e+00 4.307616999999999585e+00 4.314453000000000316e+00 4.051758000000000415e+00 3.918944999999999901e+00 3.972655999999999743e+00 3.909180000000000099e+00 3.720702999999999872e+00 3.666992000000000029e+00 3.672851999999999784e+00 3.850585999999999842e+00 4.318359000000000059e+00 4.084960999999999842e+00 3.824219000000000257e+00
3.990234000000000059e+00 3.987305000000000099e+00 3.985351999999999784e+00 4.268555000000000099e+00 3.939452999999999872e+00 3.880858999999999615e+00 4.312500000000000000e+00 4.399414000000000158e+00 4.410155999999999743e+00 4.398437999999999626e+00 4.279296999999999684e+00 4.179687999999999626e+00 4.146484000000000059e+00 4.378905999999999743e+00 3.871094000000000257e+00 4.311523000000000216e+00 4.342773000000000216e+00
4.289062000000000374e+00 4.278319999999999901e+00 4.346680000000000099e+00 3.976562000000000374e+00 4.346680000000000099e+00 4.407226999999999784e+00 3.906250000000000000e+00 3.615233999999999615e+00 3.585937999999999626e+00 3.582030999999999743e+00 3.924805000000000099e+00 4.190430000000000099e+00 4.239258000000000415e+00 3.711914000000000158e+00 4.345703000000000316e+00 3.860351999999999784e+00 3.843750000000000000e+00
3.904297000000000128e+00 3.958007999999999971e+00 3.848632999999999971e+00 4.297851999999999784e+00 3.851562000000000374e+00 3.628905999999999743e+00 4.372069999999999901e+00 4.077148000000000216e+00 3.944335999999999842e+00 4.032226999999999784e+00 4.372069999999999901e+00 4.114258000000000415e+00 4.056640999999999941e+00 4.213866999999999585e+00 3.766601999999999784e+00 4.382812000000000374e+00 4.368164000000000158e+00
4.375000000000000000e+00 4.388671999999999684e+00 4.337890999999999941e+00 3.958983999999999615e+00 4.324219000000000257e+00 4.114258000000000415e+00 3.775391000000000385e+00 4.334960999999999842e+00 4.454101999999999784e+00 4.317383000000000415e+00 3.746094000000000257e+00 4.293944999999999901e+00 4.330078000000000316e+00 4.119140999999999941e+00 4.322265999999999941e+00 3.763672000000000128e+00 3.747069999999999901e+00
3.681640999999999941e+00 3.667968999999999813e+00 3.808594000000000257e+00 4.308594000000000257e+00 3.827148000000000216e+00 4.190430000000000099e+00 4.271484000000000059e+00 3.764648000000000216e+00 3.428710999999999842e+00 3.803710999999999842e+00 4.228515999999999941e+00 3.871094000000000257e+00 3.783202999999999872e+00 4.198241999999999585e+00 3.802733999999999615e+00 4.311523000000000216e+00 4.247069999999999901e+00
4.196289000000000158e+00 4.160155999999999743e+00 4.308594000000000257e+00 3.919922000000000128e+00 4.349609000000000059e+00 4.147460999999999842e+00 3.978516000000000385e+00 4.264648000000000216e+00 3.614257999999999971e+00 4.305664000000000158e+00 4.090819999999999901e+00 4.382812000000000374e+00 4.328125000000000000e+00 4.166991999999999585e+00 4.335937999999999626e+00 3.920898000000000216e+00 4.075194999999999901e+00
4.098633000000000415e+00 4.147460999999999842e+00 3.911132999999999971e+00 4.351562000000000374e+00 3.862305000000000099e+00 4.221680000000000099e+00 4.370116999999999585e+00 4.019530999999999743e+00 4.064453000000000316e+00 3.903319999999999901e+00 4.314453000000000316e+00 3.672851999999999784e+00 3.830077999999999872e+00 4.147460999999999842e+00 3.818358999999999615e+00 4.331055000000000099e+00 4.266601999999999784e+00
4.304687999999999626e+00 4.242187999999999626e+00 4.365234000000000059e+00 3.835937999999999626e+00 4.370116999999999585e+00 4.058594000000000257e+00 3.750976999999999784e+00 4.379883000000000415e+00 4.353515999999999941e+00 4.360351999999999784e+00 3.884766000000000385e+00 4.217773000000000216e+00 4.375000000000000000e+00 4.256835999999999842e+00 4.388671999999999684e+00 3.859375000000000000e+00 4.005859000000000059e+00
3.850585999999999842e+00 3.986327999999999872e+00 3.775391000000000385e+00 4.279296999999999684e+00 3.739257999999999971e+00 4.330078000000000316e+00 4.250000000000000000e+00 3.711914000000000158e+00 3.719726999999999784e+00 3.767577999999999872e+00 4.386719000000000257e+00 4.047851999999999784e+00 3.665039000000000158e+00 3.952148000000000216e+00 3.594726999999999784e+00 4.307616999999999585e+00 4.308594000000000257e+00
4.377930000000000099e+00 4.370116999999999585e+00 4.303710999999999842e+00 3.972655999999999743e+00 4.275390999999999941e+00 3.844726999999999784e+00 4.030273000000000216e+00 4.271484000000000059e+00 4.294921999999999684e+00 4.291991999999999585e+00 3.688476999999999784e+00 4.362305000000000099e+00 4.181640999999999941e+00 4.395508000000000415e+00 4.088866999999999585e+00 3.944335999999999842e+00 3.895507999999999971e+00
3.749023000000000216e+00 3.760742000000000029e+00 3.916016000000000385e+00 4.334960999999999842e+00 3.938476999999999784e+00 4.346680000000000099e+00 4.336914000000000158e+00 3.916016000000000385e+00 3.874023000000000216e+00 3.909180000000000099e+00 4.200194999999999901e+00 3.776367000000000029e+00 4.184569999999999901e+00 3.594726999999999784e+00 4.269530999999999743e+00 4.318359000000000059e+00 4.405273000000000216e+00
4.290039000000000158e+00 4.309569999999999901e+00 4.313476999999999784e+00 3.898437999999999626e+00 4.303710999999999842e+00 3.783202999999999872e+00 3.825194999999999901e+00 4.393555000000000099e+00 4.410155999999999743e+00 4.396484000000000059e+00 4.119140999999999941e+00 4.299805000000000099e+00 4.124023000000000216e+00 4.039062000000000374e+00 3.983398000000000216e+00 3.899414000000000158e+00 3.642577999999999872e+00
3.870117000000000029e+00 3.839843999999999813e+00 3.916016000000000385e+00 4.293944999999999901e+00 3.966797000000000128e+00 4.334960999999999842e+00 4.359375000000000000e+00 3.634766000000000385e+00 3.549805000000000099e+00 3.631835999999999842e+00 4.249023000000000216e+00 3.927733999999999615e+00 4.241210999999999842e+00 4.288085999999999842e+00 4.332030999999999743e+00 4.328125000000000000e+00 4.136719000000000257e+00
4.325194999999999901e+00 4.295898000000000216e+00 4.331055000000000099e+00 3.917969000000000257e+00 4.335937999999999626e+00 3.833007999999999971e+00 3.742187999999999626e+00 4.087890999999999941e+00 3.922851999999999784e+00 4.102539000000000158e+00 4.012694999999999901e+00 4.379883000000000415e+00 4.031250000000000000e+00 3.962891000000000385e+00 3.824219000000000257e+00 3.882812000000000374e+00 4.209960999999999842e+00
3.887694999999999901e+00 3.994140999999999941e+00 3.895507999999999971e+00 4.400390999999999941e+00 3.879882999999999971e+00 4.365234000000000059e+00 4.313476999999999784e+00 4.298828000000000316e+00 4.416015999999999941e+00 4.287109000000000059e+00 4.368164000000000158e+00 3.721680000000000099e+00 4.334960999999999842e+00 4.360351999999999784e+00 4.367187999999999626e+00 4.328125000000000000e+00 4.125976999999999784e+00
4.268555000000000099e+00 4.302734000000000059e+00 4.270508000000000415e+00 3.627930000000000099e+00 4.286133000000000415e+00 3.735351999999999784e+00 3.837891000000000385e+00 3.875000000000000000e+00 3.583007999999999971e+00 3.877930000000000099e+00 3.696289000000000158e+00 4.211914000000000158e+00 3.831055000000000099e+00 3.731444999999999901e+00 3.676757999999999971e+00 3.838867000000000029e+00 4.194335999999999842e+00
4.008789000000000158e+00 3.957031000000000187e+00 4.003905999999999743e+00 4.115234000000000059e+00 3.992187999999999626e+00 4.238280999999999743e+00 4.392578000000000316e+00 4.385741999999999585e+00 4.023437999999999626e+00 4.378905999999999743e+00 4.192383000000000415e+00 4.114258000000000415e+00 4.352539000000000158e+00 4.258789000000000158e+00 4.200194999999999901e+00 4.375976999999999784e+00 4.160155999999999743e+00
4.323241999999999585e+00 4.345703000000000316e+00 4.329101999999999784e+00 4.185546999999999684e+00 4.324219000000000257e+00 4.055664000000000158e+00 3.655273000000000216e+00 3.686523000000000216e+00 4.347655999999999743e+00 3.708983999999999615e+00 4.156250000000000000e+00 4.251953000000000316e+00 3.766601999999999784e+00 3.995117000000000029e+00 4.144530999999999743e+00 3.707030999999999743e+00 4.208984000000000059e+00
3.845702999999999872e+00 3.822265999999999941e+00 3.898437999999999626e+00 4.113280999999999743e+00 3.865233999999999615e+00 4.310546999999999684e+00 4.133789000000000158e+00 4.149414000000000158e+00 3.761719000000000257e+00 4.204101999999999784e+00 4.200194999999999901e+00 4.035155999999999743e+00 4.318359000000000059e+00 4.349609000000000059e+00 4.208008000000000415e+00 4.231444999999999901e+00 4.121094000000000257e+00
4.386719000000000257e+00 4.371094000000000257e+00 4.384765999999999941e+00 4.296875000000000000e+00 4.384765999999999941e+00 3.948242000000000029e+00 4.280273000000000216e+00 4.244140999999999941e+00 4.347655999999999743e+00 4.147460999999999842e+00 4.150390999999999941e+00 4.325194999999999901e+00 3.933594000000000257e+00 3.832030999999999743e+00 4.143555000000000099e+00 4.105469000000000257e+00 4.254883000000000415e+00
3.644531000000000187e+00 3.704101999999999784e+00 3.694335999999999842e+00 3.873047000000000128e+00 3.694335999999999842e+00 4.328125000000000000e+00 3.914062000000000374e+00 3.958007999999999971e+00 3.736327999999999872e+00 4.153319999999999901e+00 4.165039000000000158e+00 3.857422000000000128e+00 4.328125000000000000e+00 4.287109000000000059e+00 4.183594000000000257e+00 4.217773000000000216e+00 4.004883000000000415e+00
4.167969000000000257e+00 4.233398000000000216e+00 4.211914000000000158e+00 4.368164000000000158e+00 4.227539000000000158e+00 3.873047000000000128e+00 4.401366999999999585e+00 4.437500000000000000e+00 4.295898000000000216e+00 4.223633000000000415e+00 4.197265999999999941e+00 4.369140999999999941e+00 3.884766000000000385e+00 3.985351999999999784e+00 4.164062000000000374e+00 4.115234000000000059e+00 4.379883000000000415e+00
4.111328000000000316e+00 4.013671999999999684e+00 4.054687999999999626e+00 3.714844000000000257e+00 4.049805000000000099e+00 4.320312000000000374e+00 3.631835999999999842e+00 3.512694999999999901e+00 3.873047000000000128e+00 4.071289000000000158e+00 4.084960999999999842e+00 3.782226999999999784e+00 4.303710999999999842e+00 4.351562000000000374e+00 4.191405999999999743e+00 4.233398000000000216e+00 3.706055000000000099e+00
4.270508000000000415e+00 4.338866999999999585e+00 4.318359000000000059e+00 4.269530999999999743e+00 4.318359000000000059e+00 3.955077999999999872e+00 4.098633000000000415e+00 3.843750000000000000e+00 4.416991999999999585e+00 4.336914000000000158e+00 4.299805000000000099e+00 4.298828000000000316e+00 3.935547000000000128e+00 3.796875000000000000e+00 4.128905999999999743e+00 4.099609000000000059e+00 4.265625000000000000e+00
3.940430000000000099e+00 3.806640999999999941e+00 3.922851999999999784e+00 3.955077999999999872e+00 3.882812000000000374e+00 4.363280999999999743e+00 4.313476999999999784e+00 4.277344000000000257e+00 3.554687999999999626e+00 3.750976999999999784e+00 3.856444999999999901e+00 3.910155999999999743e+00 4.329101999999999784e+00 4.296875000000000000e+00 4.236328000000000316e+00 4.242187999999999626e+00 3.964844000000000257e+00
4.363280999999999743e+00 4.331055000000000099e+00 4.359375000000000000e+00 4.346680000000000099e+00 4.379883000000000415e+00 3.783202999999999872e+00 3.860351999999999784e+00 3.973632999999999971e+00 3.956055000000000099e+00 4.339844000000000257e+00 4.414062000000000374e+00 4.382812000000000374e+00 3.856444999999999901e+00 3.941405999999999743e+00 4.044921999999999684e+00 4.082030999999999743e+00 4.422851999999999784e+00
3.734375000000000000e+00 3.837890999999999941e+00 3.787108999999999615e+00 3.794922000000000128e+00 3.708983999999999615e+00 4.222655999999999743e+00 4.353515999999999941e+00 4.353515999999999941e+00 4.326171999999999684e+00 3.715819999999999901e+00 3.500000000000000000e+00 3.695312000000000374e+00 4.321289000000000158e+00 4.353515999999999941e+00 4.329101999999999784e+00 4.231444999999999901e+00 3.576172000000000128e+00
4.210937999999999626e+00 4.294921999999999684e+00 4.283203000000000316e+00 4.263671999999999684e+00 4.191405999999999743e+00 4.053710999999999842e+00 3.767577999999999872e+00 3.749023000000000216e+00 3.878905999999999743e+00 4.256835999999999842e+00 3.823242000000000029e+00 4.184569999999999901e+00 3.843750000000000000e+00 3.770507999999999971e+00 3.818358999999999615e+00 4.041015999999999941e+00 3.968750000000000000e+00
4.137694999999999901e+00 3.988281000000000187e+00 4.012694999999999901e+00 4.058594000000000257e+00 4.177734000000000059e+00 4.329101999999999784e+00 4.328125000000000000e+00 4.323241999999999585e+00 4.383789000000000158e+00 4.026366999999999585e+00 4.379883000000000415e+00 4.195312000000000374e+00 4.373046999999999684e+00 4.339844000000000257e+00 4.384765999999999941e+00 4.349609000000000059e+00 4.430664000000000158e+00
4.195312000000000374e+00 4.263671999999999684e+00 4.232421999999999684e+00 4.246094000000000257e+00 4.086914000000000158e+00 3.836914000000000158e+00 3.809569999999999901e+00 3.827148000000000216e+00 3.687500000000000000e+00 4.301758000000000415e+00 3.702148000000000216e+00 4.062500000000000000e+00 3.693358999999999615e+00 3.759766000000000385e+00 3.603516000000000385e+00 3.764648000000000216e+00 3.494141000000000385e+00
4.171875000000000000e+00 4.052734000000000059e+00 4.083984000000000059e+00 4.076171999999999684e+00 4.282226999999999784e+00 4.372069999999999901e+00 4.370116999999999585e+00 4.375976999999999784e+00 4.176758000000000415e+00 3.908202999999999872e+00 4.211914000000000158e+00 4.368164000000000158e+00 4.230469000000000257e+00 4.347655999999999743e+00 4.060546999999999684e+00 4.338866999999999585e+00 3.788085999999999842e+00
4.142578000000000316e+00 4.278319999999999901e+00 4.257812000000000374e+00 4.234375000000000000e+00 3.984375000000000000e+00 3.706055000000000099e+00 3.731444999999999901e+00 3.695312000000000374e+00 4.209960999999999842e+00 4.412109000000000059e+00 4.127930000000000099e+00 3.677733999999999615e+00 4.058594000000000257e+00 3.790039000000000158e+00 4.351562000000000374e+00 3.803710999999999842e+00 4.307616999999999585e+00
4.192383000000000415e+00 3.983398000000000216e+00 4.055664000000000158e+00 4.074219000000000257e+00 4.348633000000000415e+00 4.257812000000000374e+00 4.316405999999999743e+00 4.260741999999999585e+00 4.051758000000000415e+00 3.628905999999999743e+00 4.208008000000000415e+00 4.248046999999999684e+00 4.335937999999999626e+00 4.360351999999999784e+00 3.810547000000000128e+00 4.342773000000000216e+00 3.913085999999999842e+00
4.115234000000000059e+00 4.299805000000000099e+00 4.294921999999999684e+00 4.290039000000000158e+00 3.861327999999999872e+00 3.997069999999999901e+00 3.866210999999999842e+00 4.000000000000000000e+00 4.368164000000000158e+00 4.108398000000000216e+00 4.142578000000000316e+00 3.962891000000000385e+00 3.830077999999999872e+00 3.767577999999999872e+00 4.363280999999999743e+00 3.805664000000000158e+00 4.373046999999999684e+00
4.250976999999999784e+00 3.970702999999999872e+00 3.970702999999999872e+00 3.984375000000000000e+00 4.304687999999999626e+00 4.417969000000000257e+00 4.408203000000000316e+00 4.347655999999999743e+00 3.735351999999999784e+00 4.261719000000000257e+00 4.236328000000000316e+00 4.454101999999999784e+00 4.349609000000000059e+00 4.321289000000000158e+00 3.729492000000000029e+00 4.354491999999999585e+00 3.724608999999999615e+00
3.965819999999999901e+00 4.270508000000000415e+00 4.270508000000000415e+00 4.264648000000000216e+00 3.903319999999999901e+00 3.527344000000000257e+00 3.552733999999999615e+00 3.738280999999999743e+00 4.281250000000000000e+00 4.014648000000000216e+00 4.045898000000000216e+00 3.405273000000000216e+00 3.731444999999999901e+00 3.761719000000000257e+00 4.213866999999999585e+00 3.698242000000000029e+00 4.214844000000000257e+00
4.325194999999999901e+00 4.017578000000000316e+00 3.992187999999999626e+00 3.968750000000000000e+00 4.279296999999999684e+00 3.850585999999999842e+00 3.922851999999999784e+00 4.233398000000000216e+00 3.980469000000000257e+00 4.370116999999999585e+00 4.327148000000000216e+00 3.505858999999999615e+00 4.211914000000000158e+00 4.270508000000000415e+00 4.130859000000000059e+00 4.214844000000000257e+00 4.120116999999999585e+00
3.910156000000000187e+00 4.325194999999999901e+00 4.323241999999999585e+00 4.372069999999999901e+00 4.022460999999999842e+00 4.357421999999999684e+00 4.430664000000000158e+00 4.109375000000000000e+00 4.365234000000000059e+00 3.707030999999999743e+00 3.851562000000000374e+00 3.845702999999999872e+00 4.128905999999999743e+00 3.984375000000000000e+00 4.289062000000000374e+00 4.066405999999999743e+00 4.288085999999999842e+00
4.312500000000000000e+00 3.841797000000000128e+00 3.945312000000000374e+00 3.721680000000000099e+00 4.334960999999999842e+00 3.748047000000000128e+00 3.521483999999999615e+00 4.208008000000000415e+00 3.720702999999999872e+00 4.239258000000000415e+00 4.341796999999999684e+00 4.374023000000000216e+00 4.225585999999999842e+00 4.397460999999999842e+00 3.958983999999999615e+00 4.322265999999999941e+00 3.970702999999999872e+00
3.925781000000000187e+00 4.326171999999999684e+00 4.315430000000000099e+00 4.237305000000000099e+00 3.882812000000000374e+00 4.266601999999999784e+00 3.877930000000000099e+00 4.121094000000000257e+00 4.275390999999999941e+00 4.038085999999999842e+00 3.833983999999999615e+00 3.723632999999999971e+00 4.081055000000000099e+00 3.625976999999999784e+00 4.353515999999999941e+00 3.838867000000000029e+00 4.368164000000000158e+00
4.380859000000000059e+00 3.944335999999999842e+00 3.921875000000000000e+00 4.109375000000000000e+00 4.248046999999999684e+00 4.054687999999999626e+00 4.401366999999999585e+00 4.262694999999999901e+00 3.958983999999999615e+00 4.351562000000000374e+00 4.371094000000000257e+00 4.300780999999999743e+00 4.259765999999999941e+00 4.095703000000000316e+00 3.758789000000000158e+00 4.363280999999999743e+00 3.745117000000000029e+00
3.765625000000000000e+00 4.284180000000000099e+00 4.333008000000000415e+00 4.224609000000000059e+00 4.065430000000000099e+00 4.300780999999999743e+00 3.630858999999999615e+00 4.006835999999999842e+00 4.354491999999999585e+00 3.717773000000000216e+00 3.738280999999999743e+00 3.904297000000000128e+00 3.993164000000000158e+00 4.291015999999999941e+00 4.345703000000000316e+00 3.743164000000000158e+00 4.283203000000000316e+00
4.252930000000000099e+00 3.984375000000000000e+00 3.919922000000000128e+00 4.098633000000000415e+00 4.257812000000000374e+00 3.925780999999999743e+00 4.127930000000000099e+00 4.332030999999999743e+00 3.777344000000000257e+00 4.272460999999999842e+00 4.282226999999999784e+00 4.400390999999999941e+00 4.366210999999999842e+00 3.971680000000000099e+00 3.748047000000000128e+00 4.282226999999999784e+00 3.966797000000000128e+00
4.044921999999999684e+00 4.322265999999999941e+00 4.328125000000000000e+00 4.274414000000000158e+00 4.025390999999999941e+00 4.371094000000000257e+00 4.250976999999999784e+00 3.862305000000000099e+00 4.327148000000000216e+00 3.971680000000000099e+00 3.965819999999999901e+00 3.662108999999999615e+00 3.756835999999999842e+00 4.366210999999999842e+00 4.292969000000000257e+00 3.942382999999999971e+00 4.385741999999999585e+00
4.304687999999999626e+00 3.905273000000000216e+00 3.868164000000000158e+00 3.971680000000000099e+00 4.248046999999999684e+00 3.702148000000000216e+00 3.999023000000000216e+00 4.328125000000000000e+00 3.831055000000000099e+00 4.375000000000000000e+00 4.348633000000000415e+00 4.136719000000000257e+00 4.216796999999999684e+00 3.769530999999999743e+00 3.849608999999999615e+00 4.359375000000000000e+00 3.687500000000000000e+00
3.929688000000000070e+00 4.321289000000000158e+00 4.375000000000000000e+00 4.342773000000000216e+00 4.091796999999999684e+00 4.240234000000000059e+00 4.349609000000000059e+00 3.875976999999999784e+00 4.338866999999999585e+00 3.724608999999999615e+00 3.837891000000000385e+00 4.241210999999999842e+00 4.145508000000000415e+00 4.302734000000000059e+00 4.413085999999999842e+00 3.754882999999999971e+00 4.201171999999999684e+00
4.335937999999999626e+00 3.884765999999999941e+00 3.753905999999999743e+00 3.804687999999999626e+00 4.205078000000000316e+00 4.037109000000000059e+00 3.775391000000000385e+00 4.334960999999999842e+00 3.827148000000000216e+00 4.231444999999999901e+00 4.334960999999999842e+00 4.030273000000000216e+00 4.160155999999999743e+00 3.882812000000000374e+00 3.562500000000000000e+00 4.303710999999999842e+00 4.110351999999999784e+00
3.880859000000000059e+00 4.348633000000000415e+00 4.296875000000000000e+00 4.322265999999999941e+00 4.167969000000000257e+00 4.354491999999999585e+00 4.328125000000000000e+00 3.840819999999999901e+00 4.353515999999999941e+00 4.051758000000000415e+00 3.847655999999999743e+00 4.384765999999999941e+00 4.223633000000000415e+00 4.378905999999999743e+00 4.005859000000000059e+00 3.933594000000000257e+00 4.256835999999999842e+00
4.316405999999999743e+00 3.843750000000000000e+00 3.907226999999999784e+00 3.875976999999999784e+00 4.111328000000000316e+00 3.725585999999999842e+00 3.803710999999999842e+00 4.340819999999999901e+00 3.795898000000000216e+00 4.340819999999999901e+00 4.308594000000000257e+00 3.664062000000000374e+00 4.053710999999999842e+00 3.749023000000000216e+00 4.333984000000000059e+00 4.356444999999999901e+00 4.049805000000000099e+00
3.933593999999999813e+00 4.326171999999999684e+00 4.339844000000000257e+00 4.375000000000000000e+00 4.266601999999999784e+00 4.277344000000000257e+00 4.352539000000000158e+00 3.870117000000000029e+00 4.308594000000000257e+00 3.814452999999999872e+00 3.907226999999999784e+00 4.161133000000000415e+00 4.387694999999999901e+00 4.278319999999999901e+00 3.898437999999999626e+00 3.786132999999999971e+00 4.306640999999999941e+00
4.321289000000000158e+00 3.874023000000000216e+00 3.822266000000000385e+00 3.760742000000000029e+00 3.983398000000000216e+00 3.951172000000000128e+00 3.728516000000000385e+00 4.331055000000000099e+00 3.901367000000000029e+00 4.369140999999999941e+00 4.383789000000000158e+00 4.175780999999999743e+00 3.672851999999999784e+00 3.973632999999999971e+00 4.334960999999999842e+00 4.314453000000000316e+00 3.887694999999999901e+00
3.933593999999999813e+00 4.335937999999999626e+00 4.359375000000000000e+00 4.256835999999999842e+00 4.372069999999999901e+00 4.369140999999999941e+00 4.298828000000000316e+00 3.915039000000000158e+00 4.342773000000000216e+00 3.703125000000000000e+00 3.705077999999999872e+00 4.207030999999999743e+00 4.236328000000000316e+00 4.363280999999999743e+00 3.897460999999999842e+00 3.875976999999999784e+00 4.389648000000000216e+00
4.261719000000000257e+00 3.827148000000000216e+00 3.792969000000000257e+00 3.983398000000000216e+00 3.762694999999999901e+00 3.722655999999999743e+00 3.887694999999999901e+00 4.326171999999999684e+00 3.845702999999999872e+00 4.230469000000000257e+00 4.176758000000000415e+00 4.037109000000000059e+00 3.983398000000000216e+00 3.705077999999999872e+00 4.309569999999999901e+00 4.330078000000000316e+00 3.656250000000000000e+00
4.098633000000000415e+00 4.368164000000000158e+00 4.310546999999999684e+00 4.360351999999999784e+00 4.307616999999999585e+00 4.266601999999999784e+00 4.426758000000000415e+00 3.911132999999999971e+00 4.360351999999999784e+00 4.060546999999999684e+00 4.222655999999999743e+00 4.354491999999999585e+00 4.415039000000000158e+00 4.216796999999999684e+00 3.970702999999999872e+00 3.833983999999999615e+00 4.127930000000000099e+00
4.177734000000000059e+00 3.738281000000000187e+00 3.862305000000000099e+00 3.744141000000000385e+00 3.865233999999999615e+00 3.912108999999999615e+00 3.505858999999999615e+00 4.322265999999999941e+00 3.757812000000000374e+00 4.282226999999999784e+00 4.056640999999999941e+00 3.726562000000000374e+00 3.581055000000000099e+00 4.098633000000000415e+00 4.302734000000000059e+00 4.313476999999999784e+00 4.208008000000000415e+00
4.195312000000000374e+00 4.268555000000000099e+00 4.337890999999999941e+00 4.254883000000000415e+00 4.329101999999999784e+00 4.384765999999999941e+00 3.804687999999999626e+00 3.867187999999999626e+00 4.278319999999999901e+00 4.003905999999999743e+00 4.373046999999999684e+00 4.254883000000000415e+00 3.998047000000000128e+00 4.271484000000000059e+00 3.925780999999999743e+00 3.868164000000000158e+00 4.119140999999999941e+00
4.052734000000000059e+00 3.953125000000000000e+00 3.883789000000000158e+00 3.970702999999999872e+00 3.885742000000000029e+00 3.639648000000000216e+00 4.304687999999999626e+00 4.322265999999999941e+00 3.990233999999999615e+00 4.351562000000000374e+00 3.706055000000000099e+00 3.995117000000000029e+00 4.349609000000000059e+00 3.976562000000000374e+00 4.382812000000000374e+00 4.374023000000000216e+00 4.269530999999999743e+00
4.338866999999999585e+00 4.365234000000000059e+00 4.356444999999999901e+00 4.365234000000000059e+00 4.361328000000000316e+00 4.163085999999999842e+00 3.895507999999999971e+00 3.914062000000000374e+00 4.370116999999999585e+00 3.833983999999999615e+00 4.246094000000000257e+00 4.398437999999999626e+00 3.792969000000000257e+00 4.397460999999999842e+00 3.731444999999999901e+00 3.766601999999999784e+00 3.935547000000000128e+00
3.833984000000000059e+00 3.771484000000000059e+00 3.763672000000000128e+00 3.770507999999999971e+00 3.748047000000000128e+00 4.103515999999999941e+00 4.362305000000000099e+00 4.294921999999999684e+00 3.712891000000000385e+00 4.315430000000000099e+00 4.007812000000000374e+00 3.565430000000000099e+00 4.297851999999999784e+00 3.627930000000000099e+00 4.210937999999999626e+00 4.244140999999999941e+00 4.394530999999999743e+00
4.346680000000000099e+00 4.302734000000000059e+00 4.252930000000000099e+00 4.299805000000000099e+00 4.227539000000000158e+00 4.317383000000000415e+00 3.744141000000000385e+00 3.948242000000000029e+00 4.252930000000000099e+00 3.926757999999999971e+00 4.375000000000000000e+00 3.975585999999999842e+00 3.892577999999999872e+00 4.087890999999999941e+00 4.085937999999999626e+00 4.019530999999999743e+00 3.694335999999999842e+00
3.819335999999999842e+00 3.908202999999999872e+00 4.065430000000000099e+00 3.923827999999999872e+00 4.121094000000000257e+00 3.834960999999999842e+00 4.269530999999999743e+00 4.335937999999999626e+00 4.024414000000000158e+00 4.357421999999999684e+00 3.674805000000000099e+00 4.407226999999999784e+00 4.423828000000000316e+00 4.331055000000000099e+00 4.322265999999999941e+00 4.377930000000000099e+00 4.186523000000000216e+00
4.372069999999999901e+00 4.382812000000000374e+00 4.247069999999999901e+00 4.371094000000000257e+00 4.188476999999999784e+00 4.370116999999999585e+00 4.005859000000000059e+00 3.857422000000000128e+00 4.333008000000000415e+00 3.782226999999999784e+00 4.191405999999999743e+00 3.574219000000000257e+00 3.577148000000000216e+00 3.759766000000000385e+00 3.835937999999999626e+00 3.658202999999999872e+00 4.115234000000000059e+00
3.753906000000000187e+00 3.745117000000000029e+00 4.016601999999999784e+00 3.730469000000000257e+00 4.092773000000000216e+00 3.686523000000000216e+00 4.292969000000000257e+00 4.301758000000000415e+00 3.792969000000000257e+00 4.265625000000000000e+00 4.067383000000000415e+00 3.988280999999999743e+00 4.018555000000000099e+00 4.307616999999999585e+00 4.366210999999999842e+00 4.152344000000000257e+00 4.245116999999999585e+00
4.285155999999999743e+00 4.293944999999999901e+00 4.340819999999999901e+00 4.254883000000000415e+00 4.287109000000000059e+00 4.235351999999999784e+00 3.943358999999999615e+00 3.890625000000000000e+00 4.290039000000000158e+00 4.025390999999999941e+00 4.336914000000000158e+00 4.412109000000000059e+00 4.321289000000000158e+00 3.877930000000000099e+00 3.761719000000000257e+00 4.212890999999999941e+00 4.061523000000000216e+00
3.927734000000000059e+00 3.915039000000000158e+00 3.826172000000000128e+00 4.000000000000000000e+00 3.927733999999999615e+00 3.980469000000000257e+00 4.377930000000000099e+00 4.362305000000000099e+00 3.946289000000000158e+00 4.278319999999999901e+00 3.767577999999999872e+00 3.590819999999999901e+00 3.841797000000000128e+00 4.372069999999999901e+00 4.265625000000000000e+00 4.080078000000000316e+00 4.303710999999999842e+00
4.374023000000000216e+00 4.352539000000000158e+00 4.340819999999999901e+00 4.333008000000000415e+00 4.354491999999999585e+00 4.381835999999999842e+00 3.769530999999999743e+00 3.738280999999999743e+00 4.367187999999999626e+00 4.007812000000000374e+00 4.334960999999999842e+00 4.085937999999999626e+00 4.337890999999999941e+00 3.727539000000000158e+00 4.002930000000000099e+00 4.261719000000000257e+00 3.933594000000000257e+00
3.685547000000000128e+00 3.750976999999999784e+00 3.832030999999999743e+00 3.807617000000000029e+00 3.820312000000000374e+00 3.644530999999999743e+00 4.228515999999999941e+00 4.261719000000000257e+00 3.690430000000000099e+00 4.263671999999999684e+00 3.745117000000000029e+00 4.227539000000000158e+00 3.820312000000000374e+00 4.260741999999999585e+00 4.333984000000000059e+00 4.003905999999999743e+00 4.352539000000000158e+00
4.232421999999999684e+00 4.330078000000000316e+00 4.333008000000000415e+00 4.358398000000000216e+00 4.335937999999999626e+00 4.124023000000000216e+00 4.114258000000000415e+00 4.051758000000000415e+00 4.210937999999999626e+00 4.036133000000000415e+00 4.326171999999999684e+00 4.130859000000000059e+00 4.367187999999999626e+00 3.998047000000000128e+00 3.856444999999999901e+00 4.366210999999999842e+00 3.817382999999999971e+00
4.041991999999999585e+00 3.853515999999999941e+00 3.861327999999999872e+00 3.796875000000000000e+00 3.842773000000000216e+00 4.250976999999999784e+00 4.237305000000000099e+00 4.336914000000000158e+00 4.122069999999999901e+00 4.276366999999999585e+00 3.860351999999999784e+00 4.197265999999999941e+00 3.741210999999999842e+00 4.337890999999999941e+00 4.341796999999999684e+00 3.744141000000000385e+00 4.281250000000000000e+00
4.311523000000000216e+00 4.363280999999999743e+00 4.375000000000000000e+00 4.326171999999999684e+00 4.338866999999999585e+00 4.065430000000000099e+00 4.098633000000000415e+00 3.820312000000000374e+00 4.216796999999999684e+00 4.030273000000000216e+00 4.386719000000000257e+00 4.181640999999999941e+00 4.311523000000000216e+00 3.829101999999999784e+00 3.806641000000000385e+00 4.263671999999999684e+00 3.970702999999999872e+00
3.885742000000000029e+00 3.806640999999999941e+00 3.760742000000000029e+00 3.862305000000000099e+00 3.833983999999999615e+00 4.274414000000000158e+00 4.251953000000000316e+00 4.334960999999999842e+00 4.057616999999999585e+00 4.296875000000000000e+00 3.682617000000000029e+00 4.134765999999999941e+00 3.874023000000000216e+00 4.353515999999999941e+00 4.336914000000000158e+00 4.017578000000000316e+00 4.330078000000000316e+00
4.366210999999999842e+00 4.333984000000000059e+00 4.315430000000000099e+00 4.340819999999999901e+00 4.340819999999999901e+00 3.995117000000000029e+00 4.051758000000000415e+00 3.855469000000000257e+00 4.306640999999999941e+00 3.989257999999999971e+00 4.194335999999999842e+00 4.270508000000000415e+00 4.389648000000000216e+00 3.782226999999999784e+00 3.842773000000000216e+00 4.334960999999999842e+00 3.865233999999999615e+00
3.775390999999999941e+00 3.868164000000000158e+00 3.854492000000000029e+00 3.828125000000000000e+00 3.803710999999999842e+00 4.343750000000000000e+00 4.286133000000000415e+00 4.345703000000000316e+00 3.851562000000000374e+00 4.304687999999999626e+00 4.142578000000000316e+00 3.956055000000000099e+00 3.645507999999999971e+00 4.294921999999999684e+00 4.333984000000000059e+00 3.807617000000000029e+00 4.316405999999999743e+00
4.300780999999999743e+00 4.344726999999999784e+00 4.356444999999999901e+00 4.306640999999999941e+00 4.310546999999999684e+00 3.859375000000000000e+00 3.944335999999999842e+00 3.809569999999999901e+00 4.338866999999999585e+00 3.970702999999999872e+00 4.232421999999999684e+00 4.368164000000000158e+00 4.132812000000000374e+00 3.936523000000000216e+00 3.857422000000000128e+00 4.365234000000000059e+00 3.880858999999999615e+00
3.914061999999999930e+00 3.816406000000000187e+00 3.778319999999999901e+00 3.904297000000000128e+00 3.885742000000000029e+00 4.318359000000000059e+00 4.348633000000000415e+00 4.340819999999999901e+00 3.793944999999999901e+00 4.300780999999999743e+00 4.059569999999999901e+00 3.724608999999999615e+00 4.221680000000000099e+00 4.345703000000000316e+00 4.355469000000000257e+00 3.729492000000000029e+00 4.368164000000000158e+00
4.345703000000000316e+00 4.359375000000000000e+00 4.288085999999999842e+00 4.357421999999999684e+00 4.351562000000000374e+00 3.943358999999999615e+00 3.816405999999999743e+00 3.815430000000000099e+00 4.322265999999999941e+00 3.946289000000000158e+00 4.327148000000000216e+00 4.265625000000000000e+00 4.040039000000000158e+00 3.804687999999999626e+00 3.772460999999999842e+00 4.270508000000000415e+00 3.773437999999999626e+00
3.809569999999999901e+00 3.802734000000000059e+00 3.936523000000000216e+00 3.791992000000000029e+00 3.791016000000000385e+00 4.333008000000000415e+00 4.351562000000000374e+00 4.299805000000000099e+00 3.824219000000000257e+00 4.324219000000000257e+00 3.855469000000000257e+00 3.983398000000000216e+00 4.339844000000000257e+00 4.356444999999999901e+00 4.265625000000000000e+00 3.991210999999999842e+00 4.273437999999999626e+00
4.280273000000000216e+00 4.326171999999999684e+00 4.355469000000000257e+00 4.298828000000000316e+00 4.330078000000000316e+00 3.886719000000000257e+00 3.808594000000000257e+00 3.916992000000000029e+00 4.351562000000000374e+00 3.903319999999999901e+00 4.350585999999999842e+00 4.373046999999999684e+00 3.828125000000000000e+00 3.802733999999999615e+00 3.985351999999999784e+00 4.380859000000000059e+00 4.009765999999999941e+00
3.969726999999999784e+00 3.879882999999999971e+00 3.832030999999999743e+00 3.911132999999999971e+00 3.827148000000000216e+00 4.341796999999999684e+00 4.344726999999999784e+00 4.343750000000000000e+00 3.788085999999999842e+00 4.314453000000000316e+00 3.778319999999999901e+00 3.694335999999999842e+00 4.333008000000000415e+00 4.317383000000000415e+00 4.379883000000000415e+00 3.657226999999999784e+00 4.326171999999999684e+00
4.350585999999999842e+00 4.334960999999999842e+00 4.319335999999999842e+00 4.325194999999999901e+00 4.303710999999999842e+00 3.844726999999999784e+00 3.768555000000000099e+00 3.822266000000000385e+00 4.330078000000000316e+00 3.917969000000000257e+00 4.321289000000000158e+00 4.175780999999999743e+00 3.814452999999999872e+00 3.850585999999999842e+00 3.709960999999999842e+00 4.143555000000000099e+00 3.855469000000000257e+00
3.800781000000000187e+00 3.833984000000000059e+00 3.932617000000000029e+00 3.875976999999999784e+00 3.959960999999999842e+00 4.343750000000000000e+00 4.256835999999999842e+00 4.295898000000000216e+00 3.818358999999999615e+00 4.341796999999999684e+00 3.872069999999999901e+00 4.197265999999999941e+00 4.380859000000000059e+00 4.349609000000000059e+00 4.261719000000000257e+00 4.252930000000000099e+00 4.380859000000000059e+00
4.319335999999999842e+00 4.333008000000000415e+00 4.323241999999999585e+00 4.358398000000000216e+00 4.297851999999999784e+00 3.852539000000000158e+00 3.996094000000000257e+00 3.925780999999999743e+00 4.347655999999999743e+00 3.843750000000000000e+00 4.367187999999999626e+00 4.088866999999999585e+00 3.677733999999999615e+00 3.796875000000000000e+00 3.984375000000000000e+00 3.981444999999999901e+00 3.690430000000000099e+00
3.868164000000000158e+00 3.854492000000000029e+00 3.887694999999999901e+00 3.780273000000000216e+00 3.941405999999999743e+00 4.315430000000000099e+00 4.346680000000000099e+00 4.350585999999999842e+00 3.788085999999999842e+00 4.298828000000000316e+00 3.690430000000000099e+00 4.286133000000000415e+00 4.166015999999999941e+00 4.361328000000000316e+00 4.333984000000000059e+00 4.377930000000000099e+00 4.172851999999999784e+00
4.323241999999999585e+00 4.344726999999999784e+00 4.293944999999999901e+00 4.285155999999999743e+00 4.339844000000000257e+00 3.920898000000000216e+00 3.802733999999999615e+00 3.817382999999999971e+00 4.304687999999999626e+00 3.937500000000000000e+00 4.222655999999999743e+00 3.913085999999999842e+00 4.153319999999999901e+00 3.746094000000000257e+00 3.836914000000000158e+00 3.673827999999999872e+00 4.184569999999999901e+00
3.899414000000000158e+00 3.835938000000000070e+00 3.950194999999999901e+00 3.933594000000000257e+00 3.867187999999999626e+00 4.371094000000000257e+00 4.340819999999999901e+00 4.359375000000000000e+00 3.877930000000000099e+00 4.343750000000000000e+00 4.077148000000000216e+00 4.381835999999999842e+00 4.195312000000000374e+00 4.298828000000000316e+00 4.309569999999999901e+00 4.188476999999999784e+00 4.171875000000000000e+00
4.333984000000000059e+00 4.333984000000000059e+00 4.328125000000000000e+00 4.339844000000000257e+00 4.328125000000000000e+00 3.739257999999999971e+00 3.797851999999999784e+00 3.774414000000000158e+00 4.402344000000000257e+00 3.875000000000000000e+00 4.300780999999999743e+00 3.696289000000000158e+00 4.106444999999999901e+00 3.865233999999999615e+00 3.915039000000000158e+00 4.114258000000000415e+00 4.200194999999999901e+00
3.837890999999999941e+00 3.807617000000000029e+00 3.876952999999999872e+00 3.830077999999999872e+00 3.895507999999999971e+00 4.231444999999999901e+00 4.324219000000000257e+00 4.273437999999999626e+00 3.649414000000000158e+00 4.328125000000000000e+00 3.863280999999999743e+00 4.209960999999999842e+00 4.275390999999999941e+00 4.395508000000000415e+00 4.373046999999999684e+00 4.248046999999999684e+00 4.120116999999999585e+00
4.357421999999999684e+00 4.322265999999999941e+00 4.336914000000000158e+00 4.356444999999999901e+00 4.319335999999999842e+00 4.133789000000000158e+00 3.884766000000000385e+00 3.982422000000000128e+00 4.151366999999999585e+00 3.845702999999999872e+00 4.412109000000000059e+00 4.101562000000000374e+00 3.974608999999999615e+00 3.670898000000000216e+00 3.722655999999999743e+00 4.023437999999999626e+00 4.263671999999999684e+00
3.827148000000000216e+00 3.883789000000000158e+00 3.851562000000000374e+00 3.805664000000000158e+00 3.890625000000000000e+00 4.203125000000000000e+00 4.394530999999999743e+00 4.354491999999999585e+00 4.182616999999999585e+00 4.318359000000000059e+00 3.554687999999999626e+00 4.292969000000000257e+00 4.361328000000000316e+00 4.203125000000000000e+00 4.239258000000000415e+00 4.342773000000000216e+00 3.988280999999999743e+00
4.333984000000000059e+00 4.336914000000000158e+00 4.333008000000000415e+00 4.300780999999999743e+00 4.339844000000000257e+00 4.126953000000000316e+00 3.663085999999999842e+00 3.807617000000000029e+00 4.181640999999999941e+00 3.873047000000000128e+00 3.959960999999999842e+00 3.909180000000000099e+00 3.776367000000000029e+00 4.083008000000000415e+00 4.075194999999999901e+00 3.808594000000000257e+00 4.336914000000000158e+00
3.878906000000000187e+00 3.873047000000000128e+00 3.888672000000000128e+00 3.964844000000000257e+00 3.853516000000000385e+00 4.243164000000000158e+00 4.161133000000000415e+00 4.346680000000000099e+00 4.182616999999999585e+00 4.396484000000000059e+00 4.359375000000000000e+00 4.405273000000000216e+00 4.293944999999999901e+00 4.308594000000000257e+00 4.295898000000000216e+00 4.321289000000000158e+00 3.850585999999999842e+00
4.342773000000000216e+00 4.353515999999999941e+00 4.330078000000000316e+00 4.333008000000000415e+00 4.339844000000000257e+00 4.073241999999999585e+00 4.181640999999999941e+00 3.840819999999999901e+00 4.181640999999999941e+00 3.661132999999999971e+00 3.807617000000000029e+00 3.645507999999999971e+00 3.927733999999999615e+00 3.848632999999999971e+00 3.953125000000000000e+00 3.821289000000000158e+00 4.365234000000000059e+00
3.817382999999999971e+00 3.804688000000000070e+00 3.857422000000000128e+00 3.867187999999999626e+00 3.814452999999999872e+00 4.270508000000000415e+00 4.123046999999999684e+00 4.312500000000000000e+00 4.144530999999999743e+00 4.114258000000000415e+00 4.321289000000000158e+00 4.160155999999999743e+00 4.364258000000000415e+00 4.392578000000000316e+00 4.361328000000000316e+00 4.292969000000000257e+00 3.767577999999999872e+00
4.326171999999999684e+00 4.332030999999999743e+00 4.321289000000000158e+00 4.369140999999999941e+00 4.287109000000000059e+00 4.009765999999999941e+00 4.239258000000000415e+00 3.875976999999999784e+00 4.249023000000000216e+00 4.270508000000000415e+00 3.903319999999999901e+00 4.145508000000000415e+00 3.763672000000000128e+00 3.611327999999999872e+00 3.736327999999999872e+00 3.935547000000000128e+00 4.317383000000000415e+00
3.907226999999999784e+00 3.867188000000000070e+00 3.876952999999999872e+00 3.773437999999999626e+00 3.904297000000000128e+00 4.341796999999999684e+00 4.026366999999999585e+00 4.334960999999999842e+00 3.981444999999999901e+00 3.954101999999999784e+00 4.356444999999999901e+00 4.208008000000000415e+00 4.277344000000000257e+00 4.062500000000000000e+00 4.230469000000000257e+00 4.365234000000000059e+00 3.878905999999999743e+00
4.366210999999999842e+00 4.381835999999999842e+00 4.381835999999999842e+00 4.316405999999999743e+00 4.366210999999999842e+00 3.825194999999999901e+00 4.364258000000000415e+00 3.910155999999999743e+00 4.400390999999999941e+00 4.376953000000000316e+00 3.811523000000000216e+00 4.070312000000000374e+00 4.022460999999999842e+00 4.308594000000000257e+00 4.125000000000000000e+00 3.784180000000000099e+00 4.375000000000000000e+00
3.718750000000000000e+00 3.664061999999999930e+00 3.708007999999999971e+00 3.813476999999999784e+00 3.731444999999999901e+00 4.304687999999999626e+00 3.751952999999999872e+00 4.270508000000000415e+00 3.598632999999999971e+00 3.660155999999999743e+00 4.265625000000000000e+00 4.286133000000000415e+00 4.290039000000000158e+00 3.900391000000000385e+00 4.142578000000000316e+00 4.237305000000000099e+00 3.705077999999999872e+00
4.230469000000000257e+00 4.151366999999999585e+00 4.262694999999999901e+00 4.314453000000000316e+00 4.273437999999999626e+00 3.937500000000000000e+00 4.278319999999999901e+00 4.001953000000000316e+00 4.038085999999999842e+00 4.186523000000000216e+00 4.022460999999999842e+00 3.958007999999999971e+00 3.998047000000000128e+00 4.360351999999999784e+00 4.214844000000000257e+00 4.075194999999999901e+00 4.211914000000000158e+00
4.140625000000000000e+00 4.240234000000000059e+00 4.029296999999999684e+00 3.941405999999999743e+00 4.008789000000000158e+00 4.391601999999999784e+00 4.016601999999999784e+00 4.339844000000000257e+00 4.363280999999999743e+00 4.164062000000000374e+00 4.389648000000000216e+00 4.404296999999999684e+00 4.376953000000000316e+00 3.746094000000000257e+00 4.093750000000000000e+00 4.277344000000000257e+00 4.084960999999999842e+00
4.190430000000000099e+00 4.022460999999999842e+00 4.324219000000000257e+00 4.316405999999999743e+00 4.305664000000000158e+00 3.625976999999999784e+00 4.334960999999999842e+00 3.844726999999999784e+00 3.760742000000000029e+00 4.146484000000000059e+00 3.686523000000000216e+00 3.617187999999999626e+00 3.725585999999999842e+00 4.286133000000000415e+00 4.284180000000000099e+00 3.997069999999999901e+00 4.315430000000000099e+00
4.159180000000000099e+00 4.309569999999999901e+00 3.884766000000000385e+00 3.900391000000000385e+00 3.925780999999999743e+00 4.024414000000000158e+00 3.851562000000000374e+00 4.394530999999999743e+00 4.308594000000000257e+00 4.273437999999999626e+00 4.177734000000000059e+00 4.037109000000000059e+00 4.192383000000000415e+00 3.947266000000000385e+00 3.939452999999999872e+00 4.354491999999999585e+00 3.875976999999999784e+00
4.163085999999999842e+00 3.914061999999999930e+00 4.380859000000000059e+00 4.374023000000000216e+00 4.352539000000000158e+00 4.377930000000000099e+00 4.377930000000000099e+00 3.680664000000000158e+00 3.881835999999999842e+00 3.909180000000000099e+00 4.203125000000000000e+00 4.364258000000000415e+00 4.205078000000000316e+00 4.416015999999999941e+00 4.419921999999999684e+00 3.810547000000000128e+00 4.402344000000000257e+00
4.147460999999999842e+00 4.312500000000000000e+00 3.685547000000000128e+00 3.675780999999999743e+00 3.750000000000000000e+00 3.645507999999999971e+00 3.651367000000000029e+00 4.131835999999999842e+00 4.346680000000000099e+00 4.419921999999999684e+00 4.082030999999999743e+00 3.655273000000000216e+00 3.992187999999999626e+00 3.525391000000000385e+00 3.494141000000000385e+00 4.232421999999999684e+00 3.583007999999999971e+00
4.160155999999999743e+00 3.893555000000000099e+00 4.161133000000000415e+00 4.182616999999999585e+00 4.232421999999999684e+00 4.130859000000000059e+00 4.143555000000000099e+00 4.184569999999999901e+00 3.755858999999999615e+00 3.582030999999999743e+00 4.276366999999999585e+00 4.158203000000000316e+00 4.359375000000000000e+00 3.877930000000000099e+00 3.750000000000000000e+00 4.034180000000000099e+00 4.036133000000000415e+00
4.198241999999999585e+00 4.347655999999999743e+00 4.208008000000000415e+00 4.167969000000000257e+00 4.128905999999999743e+00 4.259765999999999941e+00 4.204101999999999784e+00 4.186523000000000216e+00 4.287109000000000059e+00 4.041015999999999941e+00 3.964844000000000257e+00 4.193359000000000059e+00 3.778319999999999901e+00 4.391601999999999784e+00 4.302734000000000059e+00 4.362305000000000099e+00 4.330078000000000316e+00
4.091796999999999684e+00 3.838867000000000029e+00 4.030273000000000216e+00 4.186523000000000216e+00 4.142578000000000316e+00 3.988280999999999743e+00 4.106444999999999901e+00 4.097655999999999743e+00 3.939452999999999872e+00 4.289062000000000374e+00 4.366210999999999842e+00 4.127930000000000099e+00 4.295898000000000216e+00 3.635742000000000029e+00 3.875976999999999784e+00 3.730469000000000257e+00 3.841797000000000128e+00
4.311523000000000216e+00 4.363280999999999743e+00 4.356444999999999901e+00 4.179687999999999626e+00 4.244140999999999941e+00 4.366210999999999842e+00 4.304687999999999626e+00 4.323241999999999585e+00 4.406250000000000000e+00 3.934569999999999901e+00 3.791016000000000385e+00 4.260741999999999585e+00 4.005859000000000059e+00 4.166015999999999941e+00 4.422851999999999784e+00 4.268555000000000099e+00 4.369140999999999941e+00
3.826172000000000128e+00 3.750000000000000000e+00 3.726562000000000374e+00 4.090819999999999901e+00 3.981444999999999901e+00 3.684569999999999901e+00 3.826172000000000128e+00 3.806641000000000385e+00 3.595702999999999872e+00 4.349609000000000059e+00 4.281250000000000000e+00 3.992187999999999626e+00 4.283203000000000316e+00 4.110351999999999784e+00 3.548827999999999872e+00 3.964844000000000257e+00 3.696289000000000158e+00
4.350585999999999842e+00 4.259765999999999941e+00 4.294921999999999684e+00 4.306640999999999941e+00 4.377930000000000099e+00 4.240234000000000059e+00 4.399414000000000158e+00 4.359375000000000000e+00 4.019530999999999743e+00 3.803710999999999842e+00 3.977539000000000158e+00 4.397460999999999842e+00 4.002930000000000099e+00 4.301758000000000415e+00 3.931641000000000385e+00 4.417969000000000257e+00 4.212890999999999941e+00
3.801757999999999971e+00 3.986327999999999872e+00 3.879882999999999971e+00 3.891601999999999784e+00 3.737305000000000099e+00 3.997069999999999901e+00 3.625000000000000000e+00 3.686523000000000216e+00 4.363280999999999743e+00 4.323241999999999585e+00 4.385741999999999585e+00 3.598632999999999971e+00 4.281250000000000000e+00 3.830077999999999872e+00 4.393555000000000099e+00 3.576172000000000128e+00 4.107421999999999684e+00
4.336914000000000158e+00 4.326171999999999684e+00 4.362305000000000099e+00 4.347655999999999743e+00 4.291015999999999941e+00 4.395508000000000415e+00 4.149414000000000158e+00 4.256835999999999842e+00 3.777344000000000257e+00 3.859375000000000000e+00 3.729492000000000029e+00 4.048828000000000316e+00 3.962891000000000385e+00 4.355469000000000257e+00 3.686523000000000216e+00 4.019530999999999743e+00 4.230469000000000257e+00
3.823242000000000029e+00 3.875000000000000000e+00 3.781250000000000000e+00 3.817382999999999971e+00 3.954101999999999784e+00 3.619141000000000385e+00 4.137694999999999901e+00 3.981444999999999901e+00 4.288085999999999842e+00 4.394530999999999743e+00 4.202148000000000216e+00 4.302734000000000059e+00 4.382812000000000374e+00 3.751952999999999872e+00 4.169921999999999684e+00 4.343750000000000000e+00 4.030273000000000216e+00
4.336914000000000158e+00 4.350585999999999842e+00 4.296875000000000000e+00 4.335937999999999626e+00 4.347655999999999743e+00 4.091796999999999684e+00 4.271484000000000059e+00 4.425780999999999743e+00 3.961914000000000158e+00 3.639648000000000216e+00 4.120116999999999585e+00 3.862305000000000099e+00 3.724608999999999615e+00 4.291015999999999941e+00 4.192383000000000415e+00 3.813476999999999784e+00 4.315430000000000099e+00
3.823242000000000029e+00 3.747069999999999901e+00 3.927733999999999615e+00 3.816405999999999743e+00 3.802733999999999615e+00 4.245116999999999585e+00 3.911132999999999971e+00 3.500976999999999784e+00 4.286133000000000415e+00 4.106444999999999901e+00 4.231444999999999901e+00 4.360351999999999784e+00 4.241210999999999842e+00 3.933594000000000257e+00 4.104491999999999585e+00 4.341796999999999684e+00 3.876952999999999872e+00
4.342773000000000216e+00 4.302734000000000059e+00 4.389648000000000216e+00 4.355469000000000257e+00 4.318359000000000059e+00 4.071289000000000158e+00 4.397460999999999842e+00 3.840819999999999901e+00 3.983398000000000216e+00 4.291991999999999585e+00 4.111328000000000316e+00 3.762694999999999901e+00 4.082030999999999743e+00 4.381835999999999842e+00 4.302734000000000059e+00 3.831055000000000099e+00 4.400390999999999941e+00
3.838867000000000029e+00 3.887694999999999901e+00 3.664062000000000374e+00 3.778319999999999901e+00 3.806641000000000385e+00 4.272460999999999842e+00 3.632812000000000374e+00 4.281250000000000000e+00 4.311523000000000216e+00 3.899414000000000158e+00 4.173828000000000316e+00 4.241210999999999842e+00 4.231444999999999901e+00 3.702148000000000216e+00 3.869141000000000385e+00 4.278319999999999901e+00 3.634766000000000385e+00
4.355469000000000257e+00 4.372069999999999901e+00 4.216796999999999684e+00 4.311523000000000216e+00 4.344726999999999784e+00 4.010741999999999585e+00 4.116210999999999842e+00 3.970702999999999872e+00 3.939452999999999872e+00 4.406250000000000000e+00 4.224609000000000059e+00 4.047851999999999784e+00 4.096680000000000099e+00 4.230469000000000257e+00 4.413085999999999842e+00 3.982422000000000128e+00 4.125000000000000000e+00
3.809569999999999901e+00 3.779297000000000128e+00 4.050780999999999743e+00 3.923827999999999872e+00 3.808594000000000257e+00 4.330078000000000316e+00 4.236328000000000316e+00 4.377930000000000099e+00 4.320312000000000374e+00 3.597655999999999743e+00 4.020508000000000415e+00 4.364258000000000415e+00 4.248046999999999684e+00 4.085937999999999626e+00 3.630858999999999615e+00 4.362305000000000099e+00 4.232421999999999684e+00
4.321289000000000158e+00 4.248046999999999684e+00 4.294921999999999684e+00 4.362305000000000099e+00 4.311523000000000216e+00 3.870117000000000029e+00 4.080078000000000316e+00 3.731444999999999901e+00 3.891601999999999784e+00 4.054687999999999626e+00 4.392578000000000316e+00 3.727539000000000158e+00 4.055664000000000158e+00 4.269530999999999743e+00 4.093750000000000000e+00 3.776367000000000029e+00 4.068359000000000059e+00
3.930664000000000158e+00 4.017578000000000316e+00 3.948242000000000029e+00 3.783202999999999872e+00 3.910155999999999743e+00 4.339844000000000257e+00 4.313476999999999784e+00 4.269530999999999743e+00 4.373046999999999684e+00 4.297851999999999784e+00 3.659180000000000099e+00 4.266601999999999784e+00 4.333984000000000059e+00 3.983398000000000216e+00 4.291015999999999941e+00 4.319335999999999842e+00 4.324219000000000257e+00
4.337890999999999941e+00 4.299805000000000099e+00 4.351562000000000374e+00 4.270508000000000415e+00 4.315430000000000099e+00 3.803710999999999842e+00 3.864257999999999971e+00 4.005859000000000059e+00 3.743164000000000158e+00 3.899414000000000158e+00 4.117187999999999626e+00 3.985351999999999784e+00 3.786132999999999971e+00 4.348633000000000415e+00 3.894530999999999743e+00 3.874023000000000216e+00 3.846680000000000099e+00
3.890625000000000000e+00 3.942382999999999971e+00 3.840819999999999901e+00 4.042969000000000257e+00 3.922851999999999784e+00 4.321289000000000158e+00 4.401366999999999585e+00 4.333984000000000059e+00 4.276366999999999585e+00 4.382812000000000374e+00 4.268555000000000099e+00 4.337890999999999941e+00 4.334960999999999842e+00 3.804687999999999626e+00 4.369140999999999941e+00 4.345703000000000316e+00 4.367187999999999626e+00
4.302734000000000059e+00 4.272460999999999842e+00 4.291991999999999585e+00 4.251953000000000316e+00 4.312500000000000000e+00 3.906250000000000000e+00 3.633789000000000158e+00 3.858398000000000216e+00 3.928710999999999842e+00 3.671875000000000000e+00 3.939452999999999872e+00 3.804687999999999626e+00 3.771483999999999615e+00 4.305664000000000158e+00 3.729492000000000029e+00 3.755858999999999615e+00 3.702148000000000216e+00
3.975585999999999842e+00 4.016601999999999784e+00 3.956055000000000099e+00 4.049805000000000099e+00 3.927733999999999615e+00 4.405273000000000216e+00 4.101562000000000374e+00 4.353515999999999941e+00 4.375000000000000000e+00 4.193359000000000059e+00 4.387694999999999901e+00 4.342773000000000216e+00 4.331055000000000099e+00 3.948242000000000029e+00 4.263671999999999684e+00 4.271484000000000059e+00 4.243164000000000158e+00
4.305664000000000158e+00 4.294921999999999684e+00 4.313476999999999784e+00 4.259765999999999941e+00 4.348633000000000415e+00 3.646483999999999615e+00 4.262694999999999901e+00 3.853516000000000385e+00 3.710937999999999626e+00 4.129883000000000415e+00 3.706055000000000099e+00 3.782226999999999784e+00 3.839844000000000257e+00 4.341796999999999684e+00 4.019530999999999743e+00 3.971680000000000099e+00 4.009765999999999941e+00
3.916015999999999941e+00 3.921875000000000000e+00 3.922851999999999784e+00 4.007812000000000374e+00 3.864257999999999971e+00 4.089844000000000257e+00 3.996094000000000257e+00 4.321289000000000158e+00 4.248046999999999684e+00 4.256835999999999842e+00 4.233398000000000216e+00 4.288085999999999842e+00 4.381835999999999842e+00 3.808594000000000257e+00 4.372069999999999901e+00 4.369140999999999941e+00 4.375976999999999784e+00
4.368164000000000158e+00 4.378905999999999743e+00 4.299805000000000099e+00 4.382812000000000374e+00 4.323241999999999585e+00 4.336914000000000158e+00 4.360351999999999784e+00 3.917969000000000257e+00 4.048828000000000316e+00 4.038085999999999842e+00 4.107421999999999684e+00 3.955077999999999872e+00 3.666992000000000029e+00 4.321289000000000158e+00 3.688476999999999784e+00 3.764648000000000216e+00 3.702148000000000216e+00
3.763672000000000128e+00 3.749023000000000216e+00 3.899414000000000158e+00 3.724608999999999615e+00 3.864257999999999971e+00 3.767577999999999872e+00 3.670898000000000216e+00 4.313476999999999784e+00 4.297851999999999784e+00 4.316405999999999743e+00 4.206055000000000099e+00 4.343750000000000000e+00 4.162109000000000059e+00 3.865233999999999615e+00 4.200194999999999901e+00 4.323241999999999585e+00 4.214844000000000257e+00
4.287109000000000059e+00 4.279296999999999684e+00 4.343750000000000000e+00 4.230469000000000257e+00 4.375000000000000000e+00 4.340819999999999901e+00 4.224609000000000059e+00 3.916992000000000029e+00 3.896483999999999615e+00 3.866210999999999842e+00 4.153319999999999901e+00 3.873047000000000128e+00 4.208984000000000059e+00 4.381835999999999842e+00 4.150390999999999941e+00 3.924805000000000099e+00 4.167969000000000257e+00
3.922851999999999784e+00 3.982422000000000128e+00 3.841797000000000128e+00 4.050780999999999743e+00 3.760742000000000029e+00 3.787108999999999615e+00 4.041015999999999941e+00 4.363280999999999743e+00 4.416991999999999585e+00 4.405273000000000216e+00 4.197265999999999941e+00 4.335937999999999626e+00 4.124023000000000216e+00 3.683594000000000257e+00 4.166015999999999941e+00 4.381835999999999842e+00 4.193359000000000059e+00
4.357421999999999684e+00 4.352539000000000158e+00 4.373046999999999684e+00 4.327148000000000216e+00 4.298828000000000316e+00 4.397460999999999842e+00 4.392578000000000316e+00 3.798827999999999872e+00 3.587891000000000385e+00 3.601562000000000374e+00 4.172851999999999784e+00 3.846680000000000099e+00 4.260741999999999585e+00 4.166015999999999941e+00 4.205078000000000316e+00 3.702148000000000216e+00 4.151366999999999585e+00
3.729492000000000029e+00 3.735351999999999784e+00 3.775391000000000385e+00 3.769530999999999743e+00 3.911132999999999971e+00 3.610351999999999784e+00 3.587891000000000385e+00 4.258789000000000158e+00 3.957030999999999743e+00 3.974608999999999615e+00 4.095703000000000316e+00 4.283203000000000316e+00 3.941405999999999743e+00 4.186523000000000216e+00 4.067383000000000415e+00 4.224609000000000059e+00 4.181640999999999941e+00
4.281250000000000000e+00 4.302734000000000059e+00 4.338866999999999585e+00 4.346680000000000099e+00 4.367187999999999626e+00 4.068359000000000059e+00 4.046875000000000000e+00 4.034180000000000099e+00 4.431640999999999941e+00 4.427734000000000059e+00 4.317383000000000415e+00 3.970702999999999872e+00 4.383789000000000158e+00 4.177734000000000059e+00 4.400390999999999941e+00 4.084960999999999842e+00 4.228515999999999941e+00
3.878906000000000187e+00 3.862305000000000099e+00 3.793944999999999901e+00 3.772460999999999842e+00 3.737305000000000099e+00 4.274414000000000158e+00 4.302734000000000059e+00 4.309569999999999901e+00 3.496094000000000257e+00 3.490233999999999615e+00 3.809569999999999901e+00 4.353515999999999941e+00 3.656250000000000000e+00 4.140625000000000000e+00 3.533202999999999872e+00 4.268555000000000099e+00 3.983398000000000216e+00
4.343750000000000000e+00 4.314453000000000316e+00 4.333008000000000415e+00 4.282226999999999784e+00 4.282226999999999784e+00 3.994141000000000385e+00 3.924805000000000099e+00 3.916016000000000385e+00 3.766601999999999784e+00 3.783202999999999872e+00 4.349609000000000059e+00 3.771483999999999615e+00 4.133789000000000158e+00 4.212890999999999941e+00 3.909180000000000099e+00 4.004883000000000415e+00 4.394530999999999743e+00
3.859375000000000000e+00 3.914061999999999930e+00 3.831055000000000099e+00 3.951172000000000128e+00 3.960937999999999626e+00 4.347655999999999743e+00 4.378905999999999743e+00 4.382812000000000374e+00 4.302734000000000059e+00 4.278319999999999901e+00 3.771483999999999615e+00 4.319335999999999842e+00 4.199219000000000257e+00 4.139648000000000216e+00 4.355469000000000257e+00 4.337890999999999941e+00 3.651367000000000029e+00
4.318359000000000059e+00 4.312500000000000000e+00 4.330078000000000316e+00 4.324219000000000257e+00 4.347655999999999743e+00 3.784180000000000099e+00 3.726562000000000374e+00 3.703125000000000000e+00 3.904297000000000128e+00 3.974608999999999615e+00 4.323241999999999585e+00 3.905273000000000216e+00 4.125000000000000000e+00 4.196289000000000158e+00 3.802733999999999615e+00 3.813476999999999784e+00 4.170898000000000216e+00
3.905273000000000216e+00 3.919922000000000128e+00 3.859375000000000000e+00 3.883789000000000158e+00 3.859375000000000000e+00 4.313476999999999784e+00 4.241210999999999842e+00 4.227539000000000158e+00 4.400390999999999941e+00 4.374023000000000216e+00 3.833983999999999615e+00 4.384765999999999941e+00 4.279296999999999684e+00 4.134765999999999941e+00 4.340819999999999901e+00 4.345703000000000316e+00 4.150390999999999941e+00
4.335937999999999626e+00 4.327148000000000216e+00 4.329101999999999784e+00 4.345703000000000316e+00 4.336914000000000158e+00 3.893555000000000099e+00 4.059569999999999901e+00 4.103515999999999941e+00 3.670898000000000216e+00 3.725585999999999842e+00 4.383789000000000158e+00 3.693358999999999615e+00 3.932617000000000029e+00 4.223633000000000415e+00 3.838867000000000029e+00 3.812500000000000000e+00 4.218750000000000000e+00
3.860351999999999784e+00 3.885742000000000029e+00 3.878905999999999743e+00 3.801757999999999971e+00 3.848632999999999971e+00 4.352539000000000158e+00 4.316405999999999743e+00 4.235351999999999784e+00 4.172851999999999784e+00 4.223633000000000415e+00 3.670898000000000216e+00 4.227539000000000158e+00 4.394530999999999743e+00 4.097655999999999743e+00 4.358398000000000216e+00 4.337890999999999941e+00 4.061523000000000216e+00
4.334960999999999842e+00 4.373046999999999684e+00 4.364258000000000415e+00 4.284180000000000099e+00 4.341796999999999684e+00 3.779297000000000128e+00 3.866210999999999842e+00 4.108398000000000216e+00 4.199219000000000257e+00 4.094726999999999784e+00 4.198241999999999585e+00 4.073241999999999585e+00 3.676757999999999971e+00 4.285155999999999743e+00 3.824219000000000257e+00 3.842773000000000216e+00 4.333984000000000059e+00
3.823242000000000029e+00 3.777343999999999813e+00 3.789062000000000374e+00 3.994141000000000385e+00 3.814452999999999872e+00 4.305664000000000158e+00 4.348633000000000415e+00 4.224609000000000059e+00 4.143555000000000099e+00 4.270508000000000415e+00 4.085937999999999626e+00 4.289062000000000374e+00 4.162109000000000059e+00 3.932617000000000029e+00 4.328125000000000000e+00 4.319335999999999842e+00 3.820312000000000374e+00
4.345703000000000316e+00 4.273437999999999626e+00 4.326171999999999684e+00 4.360351999999999784e+00 4.333984000000000059e+00 3.898437999999999626e+00 3.826172000000000128e+00 4.133789000000000158e+00 4.236328000000000316e+00 4.024414000000000158e+00 4.344726999999999784e+00 3.937500000000000000e+00 4.170898000000000216e+00 4.379883000000000415e+00 3.924805000000000099e+00 3.880858999999999615e+00 4.355469000000000257e+00
3.839843999999999813e+00 3.972656000000000187e+00 3.850585999999999842e+00 3.779297000000000128e+00 3.839844000000000257e+00 4.347655999999999743e+00 4.353515999999999941e+00 4.204101999999999784e+00 4.044921999999999684e+00 4.318359000000000059e+00 3.771483999999999615e+00 4.387694999999999901e+00 4.184569999999999901e+00 3.729492000000000029e+00 4.335937999999999626e+00 4.369140999999999941e+00 3.759766000000000385e+00
4.338866999999999585e+00 4.346680000000000099e+00 4.320312000000000374e+00 4.277344000000000257e+00 4.338866999999999585e+00 3.789062000000000374e+00 3.774414000000000158e+00 4.175780999999999743e+00 4.372069999999999901e+00 3.920898000000000216e+00 4.360351999999999784e+00 3.678710999999999842e+00 4.129883000000000415e+00 4.243164000000000158e+00 3.871094000000000257e+00 3.732422000000000128e+00 4.296875000000000000e+00
3.792968999999999813e+00 3.803710999999999842e+00 3.863280999999999743e+00 3.960937999999999626e+00 3.832030999999999743e+00 4.283203000000000316e+00 4.299805000000000099e+00 4.077148000000000216e+00 3.700194999999999901e+00 4.338866999999999585e+00 3.727539000000000158e+00 4.169921999999999684e+00 4.253905999999999743e+00 4.017578000000000316e+00 4.329101999999999784e+00 4.250976999999999784e+00 3.908202999999999872e+00
4.341796999999999684e+00 4.328125000000000000e+00 4.377930000000000099e+00 4.361328000000000316e+00 4.370116999999999585e+00 4.015625000000000000e+00 3.973632999999999971e+00 4.335937999999999626e+00 4.245116999999999585e+00 3.846680000000000099e+00 4.291991999999999585e+00 4.216796999999999684e+00 4.063476999999999784e+00 4.375000000000000000e+00 3.924805000000000099e+00 4.081055000000000099e+00 4.411133000000000415e+00
3.833007999999999971e+00 3.843750000000000000e+00 3.728516000000000385e+00 3.768555000000000099e+00 3.753905999999999743e+00 4.318359000000000059e+00 4.342773000000000216e+00 3.740233999999999615e+00 4.010741999999999585e+00 4.323241999999999585e+00 3.892577999999999872e+00 4.069335999999999842e+00 4.307616999999999585e+00 3.699219000000000257e+00 4.318359000000000059e+00 4.237305000000000099e+00 3.610351999999999784e+00
4.372069999999999901e+00 4.356444999999999901e+00 4.287109000000000059e+00 4.296875000000000000e+00 4.276366999999999585e+00 3.881835999999999842e+00 3.793944999999999901e+00 4.313476999999999784e+00 4.405273000000000216e+00 3.939452999999999872e+00 4.401366999999999585e+00 4.318359000000000059e+00 3.895507999999999971e+00 4.243164000000000158e+00 3.917969000000000257e+00 4.083008000000000415e+00 4.051758000000000415e+00
3.732422000000000128e+00 3.770507999999999971e+00 3.963867000000000029e+00 3.925780999999999743e+00 3.971680000000000099e+00 4.330078000000000316e+00 4.312500000000000000e+00 3.836914000000000158e+00 3.573242000000000029e+00 4.322265999999999941e+00 3.638672000000000128e+00 3.855469000000000257e+00 4.405273000000000216e+00 4.029296999999999684e+00 4.359375000000000000e+00 4.270508000000000415e+00 4.356444999999999901e+00
4.290039000000000158e+00 4.311523000000000216e+00 4.351562000000000374e+00 4.358398000000000216e+00 4.348633000000000415e+00 3.860351999999999784e+00 3.902344000000000257e+00 4.409180000000000099e+00 4.008789000000000158e+00 3.878905999999999743e+00 4.137694999999999901e+00 4.389648000000000216e+00 3.638672000000000128e+00 4.391601999999999784e+00 3.764648000000000216e+00 4.001953000000000316e+00 3.759766000000000385e+00
3.941406000000000187e+00 3.911132999999999971e+00 3.772460999999999842e+00 3.821289000000000158e+00 3.760742000000000029e+00 4.357421999999999684e+00 4.357421999999999684e+00 3.555664000000000158e+00 4.337890999999999941e+00 4.399414000000000158e+00 4.208984000000000059e+00 3.632812000000000374e+00 4.072265999999999941e+00 3.585937999999999626e+00 4.253905999999999743e+00 4.288085999999999842e+00 4.294921999999999684e+00
4.306640999999999941e+00 4.304687999999999626e+00 4.292969000000000257e+00 4.276366999999999585e+00 4.308594000000000257e+00 3.755858999999999615e+00 3.799805000000000099e+00 3.936523000000000216e+00 3.800780999999999743e+00 3.654297000000000128e+00 4.083984000000000059e+00 4.083008000000000415e+00 4.295898000000000216e+00 4.013671999999999684e+00 4.009765999999999941e+00 3.918944999999999901e+00 3.924805000000000099e+00
3.975585999999999842e+00 3.954101999999999784e+00 3.989257999999999971e+00 4.016601999999999784e+00 3.926757999999999971e+00 4.305664000000000158e+00 4.330078000000000316e+00 4.405273000000000216e+00 4.331055000000000099e+00 4.149414000000000158e+00 4.303710999999999842e+00 4.311523000000000216e+00 3.963867000000000029e+00 4.409180000000000099e+00 4.392578000000000316e+00 4.411133000000000415e+00 4.414062000000000374e+00
4.339844000000000257e+00 4.312500000000000000e+00 4.295898000000000216e+00 4.290039000000000158e+00 4.278319999999999901e+00 3.928710999999999842e+00 3.875976999999999784e+00 3.629882999999999971e+00 3.843750000000000000e+00 4.209960999999999842e+00 3.924805000000000099e+00 3.865233999999999615e+00 4.347655999999999743e+00 3.553710999999999842e+00 3.644530999999999743e+00 3.603516000000000385e+00 3.569335999999999842e+00
3.900390999999999941e+00 3.924805000000000099e+00 3.891601999999999784e+00 3.969726999999999784e+00 3.932617000000000029e+00 4.405273000000000216e+00 4.358398000000000216e+00 4.076171999999999684e+00 4.366210999999999842e+00 4.128905999999999743e+00 4.367187999999999626e+00 4.354491999999999585e+00 3.807617000000000029e+00 3.941405999999999743e+00 4.114258000000000415e+00 4.048828000000000316e+00 3.978516000000000385e+00
4.321289000000000158e+00 4.343750000000000000e+00 4.428710999999999842e+00 4.295898000000000216e+00 4.445312000000000374e+00 3.610351999999999784e+00 3.786132999999999971e+00 4.377930000000000099e+00 3.816405999999999743e+00 4.262694999999999901e+00 3.749023000000000216e+00 3.816405999999999743e+00 4.354491999999999585e+00 4.451171999999999684e+00 4.325194999999999901e+00 4.413085999999999842e+00 4.437500000000000000e+00
3.813476999999999784e+00 3.759765999999999941e+00 3.489257999999999971e+00 3.902344000000000257e+00 3.458983999999999615e+00 4.045898000000000216e+00 4.270508000000000415e+00 3.684569999999999901e+00 4.276366999999999585e+00 3.944335999999999842e+00 4.208008000000000415e+00 4.228515999999999941e+00 3.724608999999999615e+00 3.407226999999999784e+00 3.727539000000000158e+00 3.500000000000000000e+00 3.414062000000000374e+00
4.291015999999999941e+00 4.272460999999999842e+00 3.771483999999999615e+00 4.359375000000000000e+00 3.733398000000000216e+00 4.353515999999999941e+00 4.070312000000000374e+00 4.210937999999999626e+00 4.079101999999999784e+00 4.406250000000000000e+00 4.165039000000000158e+00 3.987305000000000099e+00 4.214844000000000257e+00 3.491210999999999842e+00 4.164062000000000374e+00 3.709960999999999842e+00 3.521483999999999615e+00
3.956055000000000099e+00 3.989257999999999971e+00 4.202148000000000216e+00 3.777344000000000257e+00 4.199219000000000257e+00 3.769530999999999743e+00 4.255859000000000059e+00 4.073241999999999585e+00 4.218750000000000000e+00 3.596680000000000099e+00 4.085937999999999626e+00 4.361328000000000316e+00 4.134765999999999941e+00 3.792969000000000257e+00 4.141601999999999784e+00 4.223633000000000415e+00 3.862305000000000099e+00
4.385741999999999585e+00 4.385741999999999585e+00 4.187500000000000000e+00 4.316405999999999743e+00 4.182616999999999585e+00 4.349609000000000059e+00 4.040039000000000158e+00 4.345703000000000316e+00 4.134765999999999941e+00 4.081055000000000099e+00 4.370116999999999585e+00 3.791992000000000029e+00 4.204101999999999784e+00 4.333008000000000415e+00 4.253905999999999743e+00 4.125000000000000000e+00 4.402344000000000257e+00
3.711914000000000158e+00 3.716797000000000128e+00 4.062500000000000000e+00 3.870117000000000029e+00 4.069335999999999842e+00 3.765625000000000000e+00 4.239258000000000415e+00 3.776367000000000029e+00 4.176758000000000415e+00 4.252930000000000099e+00 3.654297000000000128e+00 4.305664000000000158e+00 4.097655999999999743e+00 3.833007999999999971e+00 3.966797000000000128e+00 4.255859000000000059e+00 3.634766000000000385e+00
4.254883000000000415e+00 4.265625000000000000e+00 4.350585999999999842e+00 4.412109000000000059e+00 4.335937999999999626e+00 4.319335999999999842e+00 4.114258000000000415e+00 4.338866999999999585e+00 4.223633000000000415e+00 4.015625000000000000e+00 4.138671999999999684e+00 3.954101999999999784e+00 4.336914000000000158e+00 4.391601999999999784e+00 4.416991999999999585e+00 4.028319999999999901e+00 4.141601999999999784e+00
3.976561999999999930e+00 3.944335999999999842e+00 3.750976999999999784e+00 3.606444999999999901e+00 3.782226999999999784e+00 3.806641000000000385e+00 4.146484000000000059e+00 3.763672000000000128e+00 3.989257999999999971e+00 4.322265999999999941e+00 4.166991999999999585e+00 4.296875000000000000e+00 3.769530999999999743e+00 3.598632999999999971e+00 3.544922000000000128e+00 4.334960999999999842e+00 4.192383000000000415e+00
4.408203000000000316e+00 4.400390999999999941e+00 4.246094000000000257e+00 4.101562000000000374e+00 4.279296999999999684e+00 4.367187999999999626e+00 4.263671999999999684e+00 4.353515999999999941e+00 4.404296999999999684e+00 3.868164000000000158e+00 4.231444999999999901e+00 3.905273000000000216e+00 4.330078000000000316e+00 4.012694999999999901e+00 3.959960999999999842e+00 3.795898000000000216e+00 4.175780999999999743e+00
3.627930000000000099e+00 3.625000000000000000e+00 4.027344000000000257e+00 4.204101999999999784e+00 3.976562000000000374e+00 3.684569999999999901e+00 3.901367000000000029e+00 3.729492000000000029e+00 3.594726999999999784e+00 4.319335999999999842e+00 4.011719000000000257e+00 4.310546999999999684e+00 3.857422000000000128e+00 4.382812000000000374e+00 4.359375000000000000e+00 4.353515999999999941e+00 4.178710999999999842e+00
4.140625000000000000e+00 4.127930000000000099e+00 4.283203000000000316e+00 4.147460999999999842e+00 4.306640999999999941e+00 4.166015999999999941e+00 4.423828000000000316e+00 4.248046999999999684e+00 4.000976999999999784e+00 3.811523000000000216e+00 4.336914000000000158e+00 3.908202999999999872e+00 4.400390999999999941e+00 3.686523000000000216e+00 3.791992000000000029e+00 3.751952999999999872e+00 4.178710999999999842e+00
4.168944999999999901e+00 4.207030999999999743e+00 3.996094000000000257e+00 4.166991999999999585e+00 3.967773000000000216e+00 4.135741999999999585e+00 3.549805000000000099e+00 4.040039000000000158e+00 4.402344000000000257e+00 4.410155999999999743e+00 3.850585999999999842e+00 4.371094000000000257e+00 3.640625000000000000e+00 4.194335999999999842e+00 4.323241999999999585e+00 4.287109000000000059e+00 4.139648000000000216e+00
4.159180000000000099e+00 4.121094000000000257e+00 4.323241999999999585e+00 4.201171999999999684e+00 4.338866999999999585e+00 4.230469000000000257e+00 3.965819999999999901e+00 4.323241999999999585e+00 3.641601999999999784e+00 3.597655999999999743e+00 4.380859000000000059e+00 3.801757999999999971e+00 4.129883000000000415e+00 4.142578000000000316e+00 3.896483999999999615e+00 3.936523000000000216e+00 4.257812000000000374e+00
4.135741999999999585e+00 4.192383000000000415e+00 3.923827999999999872e+00 4.052734000000000059e+00 3.893555000000000099e+00 4.081055000000000099e+00 4.383789000000000158e+00 3.926757999999999971e+00 4.135741999999999585e+00 4.026366999999999585e+00 3.705077999999999872e+00 4.341796999999999684e+00 4.223633000000000415e+00 4.215819999999999901e+00 4.362305000000000099e+00 4.374023000000000216e+00 3.983398000000000216e+00
4.248046999999999684e+00 4.204101999999999784e+00 4.339844000000000257e+00 4.390625000000000000e+00 4.334960999999999842e+00 4.309569999999999901e+00 3.738280999999999743e+00 4.405273000000000216e+00 4.231444999999999901e+00 4.366210999999999842e+00 4.291015999999999941e+00 3.854492000000000029e+00 4.094726999999999784e+00 4.070312000000000374e+00 3.792969000000000257e+00 3.740233999999999615e+00 4.353515999999999941e+00
3.953125000000000000e+00 4.040039000000000158e+00 3.868164000000000158e+00 3.614257999999999971e+00 3.878905999999999743e+00 3.875000000000000000e+00 4.219726999999999784e+00 3.624023000000000216e+00 3.994141000000000385e+00 3.709960999999999842e+00 3.861327999999999872e+00 4.357421999999999684e+00 4.289062000000000374e+00 4.294921999999999684e+00 4.303710999999999842e+00 4.234375000000000000e+00 3.774414000000000158e+00
4.411133000000000415e+00 4.426758000000000415e+00 4.340819999999999901e+00 4.119140999999999941e+00 4.315430000000000099e+00 4.424805000000000099e+00 4.135741999999999585e+00 4.130859000000000059e+00 4.393555000000000099e+00 4.264648000000000216e+00 4.394530999999999743e+00 3.805664000000000158e+00 3.928710999999999842e+00 3.895507999999999971e+00 3.931641000000000385e+00 4.059569999999999901e+00 4.310546999999999684e+00
3.566406000000000187e+00 3.521484000000000059e+00 3.866210999999999842e+00 4.153319999999999901e+00 3.896483999999999615e+00 3.511719000000000257e+00 4.156250000000000000e+00 4.208984000000000059e+00 3.652344000000000257e+00 3.913085999999999842e+00 3.550780999999999743e+00 4.333008000000000415e+00 4.375976999999999784e+00 4.379883000000000415e+00 4.350585999999999842e+00 4.336914000000000158e+00 3.897460999999999842e+00
3.984375000000000000e+00 3.918944999999999901e+00 4.262694999999999901e+00 4.214844000000000257e+00 4.265625000000000000e+00 3.808594000000000257e+00 4.156250000000000000e+00 4.119140999999999941e+00 4.109375000000000000e+00 4.356444999999999901e+00 3.905273000000000216e+00 3.776367000000000029e+00 3.728516000000000385e+00 3.712891000000000385e+00 3.775391000000000385e+00 3.834960999999999842e+00 4.312500000000000000e+00
4.383789000000000158e+00 4.390625000000000000e+00 4.070312000000000374e+00 4.095703000000000316e+00 4.062500000000000000e+00 4.405273000000000216e+00 4.262694999999999901e+00 4.318359000000000059e+00 4.315430000000000099e+00 3.806641000000000385e+00 4.360351999999999784e+00 4.375000000000000000e+00 4.288085999999999842e+00 4.270508000000000415e+00 4.316405999999999743e+00 4.326171999999999684e+00 3.927733999999999615e+00
3.697265999999999941e+00 3.654297000000000128e+00 4.211914000000000158e+00 4.247069999999999901e+00 4.208008000000000415e+00 3.584960999999999842e+00 3.909180000000000099e+00 3.818358999999999615e+00 3.817382999999999971e+00 4.275390999999999941e+00 3.718750000000000000e+00 3.648437999999999626e+00 3.906250000000000000e+00 3.925780999999999743e+00 3.843750000000000000e+00 3.870117000000000029e+00 4.364258000000000415e+00
4.211914000000000158e+00 4.167969000000000257e+00 4.166991999999999585e+00 4.065430000000000099e+00 4.152344000000000257e+00 4.022460999999999842e+00 4.420898000000000216e+00 4.397460999999999842e+00 4.372069999999999901e+00 3.977539000000000158e+00 4.207030999999999743e+00 4.168944999999999901e+00 4.392578000000000316e+00 4.438476999999999784e+00 4.426758000000000415e+00 4.360351999999999784e+00 3.797851999999999784e+00
4.066405999999999743e+00 4.119140999999999941e+00 4.099609000000000059e+00 4.262694999999999901e+00 4.130859000000000059e+00 4.360351999999999784e+00 3.571289000000000158e+00 3.586914000000000158e+00 3.728516000000000385e+00 4.365234000000000059e+00 4.125976999999999784e+00 4.187500000000000000e+00 3.649414000000000158e+00 3.469726999999999784e+00 3.508789000000000158e+00 3.761719000000000257e+00 4.231444999999999901e+00
4.276366999999999585e+00 4.221680000000000099e+00 4.245116999999999585e+00 4.004883000000000415e+00 4.211914000000000158e+00 3.758789000000000158e+00 3.977539000000000158e+00 4.013671999999999684e+00 4.245116999999999585e+00 3.772460999999999842e+00 4.218750000000000000e+00 4.162109000000000059e+00 4.127930000000000099e+00 3.747069999999999901e+00 3.804687999999999626e+00 4.275390999999999941e+00 4.104491999999999585e+00
4.021484000000000059e+00 4.117187999999999626e+00 4.077148000000000216e+00 4.374023000000000216e+00 4.123046999999999684e+00 4.308594000000000257e+00 4.402344000000000257e+00 4.383789000000000158e+00 4.077148000000000216e+00 4.307616999999999585e+00 4.133789000000000158e+00 4.185546999999999684e+00 4.280273000000000216e+00 4.266601999999999784e+00 4.312500000000000000e+00 3.963867000000000029e+00 4.287109000000000059e+00
4.278319999999999901e+00 4.214844000000000257e+00 4.253905999999999743e+00 3.720702999999999872e+00 4.223633000000000415e+00 3.884766000000000385e+00 3.600585999999999842e+00 3.672851999999999784e+00 4.253905999999999743e+00 3.918944999999999901e+00 4.206055000000000099e+00 4.130859000000000059e+00 3.927733999999999615e+00 3.961914000000000158e+00 3.878905999999999743e+00 4.354491999999999585e+00 3.956055000000000099e+00
4.021484000000000059e+00 4.105469000000000257e+00 4.080078000000000316e+00 4.238280999999999743e+00 4.112305000000000099e+00 4.394530999999999743e+00 4.068359000000000059e+00 4.210937999999999626e+00 4.078125000000000000e+00 4.364258000000000415e+00 4.166991999999999585e+00 4.245116999999999585e+00 4.405273000000000216e+00 4.361328000000000316e+00 4.408203000000000316e+00 3.838867000000000029e+00 4.369140999999999941e+00
4.321289000000000158e+00 4.288085999999999842e+00 4.203125000000000000e+00 4.047851999999999784e+00 4.194335999999999842e+00 3.659180000000000099e+00 4.277344000000000257e+00 4.105469000000000257e+00 4.277344000000000257e+00 3.798827999999999872e+00 4.134765999999999941e+00 4.000000000000000000e+00 3.587891000000000385e+00 3.752930000000000099e+00 3.596680000000000099e+00 4.304687999999999626e+00 3.715819999999999901e+00
3.905273000000000216e+00 3.959960999999999842e+00 4.126953000000000316e+00 4.343750000000000000e+00 4.117187999999999626e+00 4.125976999999999784e+00 3.979492000000000029e+00 4.272460999999999842e+00 3.984375000000000000e+00 4.316405999999999743e+00 4.261719000000000257e+00 4.353515999999999941e+00 3.993164000000000158e+00 4.311523000000000216e+00 4.064453000000000316e+00 3.948242000000000029e+00 4.277344000000000257e+00
4.391601999999999784e+00 4.366210999999999842e+00 4.243164000000000158e+00 3.855469000000000257e+00 4.253905999999999743e+00 4.224609000000000059e+00 4.408203000000000316e+00 3.986327999999999872e+00 4.397460999999999842e+00 3.923827999999999872e+00 4.008789000000000158e+00 3.808594000000000257e+00 4.384765999999999941e+00 3.879882999999999971e+00 4.353515999999999941e+00 4.366210999999999842e+00 4.000000000000000000e+00
3.716797000000000128e+00 3.729492000000000029e+00 3.992187999999999626e+00 4.337890999999999941e+00 3.994141000000000385e+00 4.041991999999999585e+00 3.590819999999999901e+00 4.318359000000000059e+00 3.615233999999999615e+00 4.318359000000000059e+00 4.382812000000000374e+00 4.310546999999999684e+00 3.659180000000000099e+00 4.365234000000000059e+00 3.722655999999999743e+00 3.805664000000000158e+00 4.315430000000000099e+00
4.244140999999999941e+00 4.250000000000000000e+00 4.309569999999999901e+00 3.819335999999999842e+00 4.309569999999999901e+00 4.329101999999999784e+00 4.039062000000000374e+00 3.862305000000000099e+00 4.044921999999999684e+00 3.840819999999999901e+00 3.657226999999999784e+00 3.947266000000000385e+00 4.159180000000000099e+00 3.784180000000000099e+00 4.246094000000000257e+00 4.349609000000000059e+00 3.889648000000000216e+00
4.034180000000000099e+00 4.056640999999999941e+00 3.951172000000000128e+00 4.337890999999999941e+00 3.943358999999999615e+00 3.869141000000000385e+00 4.355469000000000257e+00 4.396484000000000059e+00 4.339844000000000257e+00 4.396484000000000059e+00 4.184569999999999901e+00 4.368164000000000158e+00 4.205078000000000316e+00 4.339844000000000257e+00 4.027344000000000257e+00 3.807617000000000029e+00 4.316405999999999743e+00
4.304687999999999626e+00 4.293944999999999901e+00 4.342773000000000216e+00 3.810547000000000128e+00 4.347655999999999743e+00 4.368164000000000158e+00 3.790039000000000158e+00 3.621094000000000257e+00 3.767577999999999872e+00 3.673827999999999872e+00 4.108398000000000216e+00 3.766601999999999784e+00 4.082030999999999743e+00 3.814452999999999872e+00 4.343750000000000000e+00 4.296875000000000000e+00 3.909180000000000099e+00
3.884765999999999941e+00 3.897460999999999842e+00 3.866210999999999842e+00 4.286133000000000415e+00 3.843750000000000000e+00 3.752930000000000099e+00 4.333008000000000415e+00 4.103515999999999941e+00 4.268555000000000099e+00 4.129883000000000415e+00 4.237305000000000099e+00 4.255859000000000059e+00 4.265625000000000000e+00 4.303710999999999842e+00 3.821289000000000158e+00 3.902344000000000257e+00 4.365234000000000059e+00
4.374023000000000216e+00 4.365234000000000059e+00 4.342773000000000216e+00 4.007812000000000374e+00 4.347655999999999743e+00 4.277344000000000257e+00 3.867187999999999626e+00 4.286133000000000415e+00 4.053710999999999842e+00 4.277344000000000257e+00 4.059569999999999901e+00 4.035155999999999743e+00 3.989257999999999971e+00 3.942382999999999971e+00 4.355469000000000257e+00 4.381835999999999842e+00 3.777344000000000257e+00
3.744140999999999941e+00 3.765625000000000000e+00 3.814452999999999872e+00 4.329101999999999784e+00 3.825194999999999901e+00 3.974608999999999615e+00 4.355469000000000257e+00 3.966797000000000128e+00 4.231444999999999901e+00 3.906250000000000000e+00 4.286133000000000415e+00 4.299805000000000099e+00 4.384765999999999941e+00 4.337890999999999941e+00 3.778319999999999901e+00 3.666016000000000385e+00 4.261719000000000257e+00
4.309569999999999901e+00 4.336914000000000158e+00 4.262694999999999901e+00 3.893555000000000099e+00 4.292969000000000257e+00 4.350585999999999842e+00 3.777344000000000257e+00 4.335937999999999626e+00 4.137694999999999901e+00 4.391601999999999784e+00 3.975585999999999842e+00 3.922851999999999784e+00 3.689452999999999872e+00 3.863280999999999743e+00 4.312500000000000000e+00 4.166991999999999585e+00 3.980469000000000257e+00
3.884765999999999941e+00 3.803710999999999842e+00 4.032226999999999784e+00 4.329101999999999784e+00 3.998047000000000128e+00 3.834960999999999842e+00 4.277344000000000257e+00 3.854492000000000029e+00 4.166991999999999585e+00 3.684569999999999901e+00 4.338866999999999585e+00 4.354491999999999585e+00 4.222655999999999743e+00 4.353515999999999941e+00 3.926757999999999971e+00 4.170898000000000216e+00 4.396484000000000059e+00
4.414062000000000374e+00 4.371094000000000257e+00 4.290039000000000158e+00 3.907226999999999784e+00 4.320312000000000374e+00 4.338866999999999585e+00 4.008789000000000158e+00 4.400390999999999941e+00 4.232421999999999684e+00 4.196289000000000158e+00 3.835937999999999626e+00 3.793944999999999901e+00 4.064453000000000316e+00 3.828125000000000000e+00 4.366210999999999842e+00 4.165039000000000158e+00 3.699219000000000257e+00
3.616210999999999842e+00 3.737305000000000099e+00 3.945312000000000374e+00 4.334960999999999842e+00 3.884766000000000385e+00 3.858398000000000216e+00 4.333984000000000059e+00 3.639648000000000216e+00 3.983398000000000216e+00 4.143555000000000099e+00 4.303710999999999842e+00 4.356444999999999901e+00 4.299805000000000099e+00 4.333984000000000059e+00 3.751952999999999872e+00 4.234375000000000000e+00 4.207030999999999743e+00
4.113280999999999743e+00 4.267578000000000316e+00 4.309569999999999901e+00 3.872069999999999901e+00 4.306640999999999941e+00 4.314453000000000316e+00 3.813476999999999784e+00 4.093750000000000000e+00 4.389648000000000216e+00 4.194335999999999842e+00 3.906250000000000000e+00 3.796875000000000000e+00 3.905273000000000216e+00 3.835937999999999626e+00 4.298828000000000316e+00 4.070312000000000374e+00 4.135741999999999585e+00
4.230469000000000257e+00 3.985351999999999784e+00 3.968750000000000000e+00 4.348633000000000415e+00 3.991210999999999842e+00 3.946289000000000158e+00 4.378905999999999743e+00 4.268555000000000099e+00 3.714844000000000257e+00 4.165039000000000158e+00 4.398437999999999626e+00 4.370116999999999585e+00 4.405273000000000216e+00 4.376953000000000316e+00 3.916016000000000385e+00 4.312500000000000000e+00 4.226562000000000374e+00
4.086914000000000158e+00 4.293944999999999901e+00 4.267578000000000316e+00 3.830077999999999872e+00 4.254883000000000415e+00 4.322265999999999941e+00 3.664062000000000374e+00 3.925780999999999743e+00 4.250976999999999784e+00 4.157226999999999784e+00 3.648437999999999626e+00 3.743164000000000158e+00 3.624023000000000216e+00 3.716797000000000128e+00 4.360351999999999784e+00 3.842773000000000216e+00 4.066405999999999743e+00
4.239258000000000415e+00 3.970702999999999872e+00 4.023437999999999626e+00 4.338866999999999585e+00 4.062500000000000000e+00 3.888672000000000128e+00 4.191405999999999743e+00 4.384765999999999941e+00 4.054687999999999626e+00 4.241210999999999842e+00 4.134765999999999941e+00 4.263671999999999684e+00 4.071289000000000158e+00 4.241210999999999842e+00 3.775391000000000385e+00 4.423828000000000316e+00 4.296875000000000000e+00
4.106444999999999901e+00 4.379883000000000415e+00 4.272460999999999842e+00 3.887694999999999901e+00 4.267578000000000316e+00 4.386719000000000257e+00 4.172851999999999784e+00 3.693358999999999615e+00 4.315430000000000099e+00 4.033203000000000316e+00 4.247069999999999901e+00 4.042969000000000257e+00 4.326171999999999684e+00 4.029296999999999684e+00 4.364258000000000415e+00 3.580077999999999872e+00 3.918944999999999901e+00
4.193359000000000059e+00 3.737305000000000099e+00 3.989257999999999971e+00 4.310546999999999684e+00 3.993164000000000158e+00 3.663085999999999842e+00 4.158203000000000316e+00 4.193359000000000059e+00 3.892577999999999872e+00 4.312500000000000000e+00 4.027344000000000257e+00 4.295898000000000216e+00 3.840819999999999901e+00 4.340819999999999901e+00 3.731444999999999901e+00 4.041991999999999585e+00 4.337890999999999941e+00
4.154296999999999684e+00 4.306640999999999941e+00 4.316405999999999743e+00 3.946289000000000158e+00 4.313476999999999784e+00 4.152344000000000257e+00 4.208008000000000415e+00 4.128905999999999743e+00 4.339844000000000257e+00 3.902344000000000257e+00 4.349609000000000059e+00 3.933594000000000257e+00 4.409180000000000099e+00 3.826172000000000128e+00 4.295898000000000216e+00 4.341796999999999684e+00 3.904297000000000128e+00
4.149414000000000158e+00 3.912109000000000059e+00 3.911132999999999971e+00 4.349609000000000059e+00 3.901367000000000029e+00 4.249023000000000216e+00 4.125000000000000000e+00 4.245116999999999585e+00 3.828125000000000000e+00 4.339844000000000257e+00 3.830077999999999872e+00 4.345703000000000316e+00 3.599608999999999615e+00 4.336914000000000158e+00 3.859375000000000000e+00 3.837891000000000385e+00 4.316405999999999743e+00
4.257812000000000374e+00 4.388671999999999684e+00 4.342773000000000216e+00 3.859375000000000000e+00 4.322265999999999941e+00 4.023437999999999626e+00 4.241210999999999842e+00 4.042969000000000257e+00 4.374023000000000216e+00 3.838867000000000029e+00 4.347655999999999743e+00 3.780273000000000216e+00 4.037109000000000059e+00 3.850585999999999842e+00 4.396484000000000059e+00 4.334960999999999842e+00 3.931641000000000385e+00
3.961914000000000158e+00 3.690430000000000099e+00 3.836914000000000158e+00 4.290039000000000158e+00 3.894530999999999743e+00 4.291015999999999941e+00 4.009765999999999941e+00 4.301758000000000415e+00 3.702148000000000216e+00 4.340819999999999901e+00 3.847655999999999743e+00 4.334960999999999842e+00 4.319335999999999842e+00 4.345703000000000316e+00 3.651367000000000029e+00 3.820312000000000374e+00 4.337890999999999941e+00
4.348633000000000415e+00 4.229491999999999585e+00 4.307616999999999585e+00 3.959960999999999842e+00 4.312500000000000000e+00 3.923827999999999872e+00 4.333008000000000415e+00 3.894530999999999743e+00 4.230469000000000257e+00 3.834960999999999842e+00 4.319335999999999842e+00 3.840819999999999901e+00 3.867187999999999626e+00 3.785155999999999743e+00 4.122069999999999901e+00 4.309569999999999901e+00 3.842773000000000216e+00
3.843750000000000000e+00 4.034180000000000099e+00 3.956055000000000099e+00 4.353515999999999941e+00 3.969726999999999784e+00 4.380859000000000059e+00 3.867187999999999626e+00 4.383789000000000158e+00 4.094726999999999784e+00 4.333008000000000415e+00 3.866210999999999842e+00 4.378905999999999743e+00 4.402344000000000257e+00 4.319335999999999842e+00 4.263671999999999684e+00 3.920898000000000216e+00 4.331055000000000099e+00
4.364258000000000415e+00 4.310546999999999684e+00 4.284180000000000099e+00 3.799805000000000099e+00 4.276366999999999585e+00 3.732422000000000128e+00 4.299805000000000099e+00 3.701172000000000128e+00 4.256835999999999842e+00 3.862305000000000099e+00 4.317383000000000415e+00 3.656250000000000000e+00 3.637694999999999901e+00 3.845702999999999872e+00 3.978516000000000385e+00 4.342773000000000216e+00 3.836914000000000158e+00
3.810547000000000128e+00 3.881835999999999842e+00 3.988280999999999743e+00 4.298828000000000316e+00 3.985351999999999784e+00 4.222655999999999743e+00 3.883789000000000158e+00 4.208984000000000059e+00 4.047851999999999784e+00 4.359375000000000000e+00 3.875976999999999784e+00 4.130859000000000059e+00 4.141601999999999784e+00 4.362305000000000099e+00 4.370116999999999585e+00 3.835937999999999626e+00 4.323241999999999585e+00
4.373046999999999684e+00 4.397460999999999842e+00 4.315430000000000099e+00 3.987305000000000099e+00 4.332030999999999743e+00 4.143555000000000099e+00 4.399414000000000158e+00 4.139648000000000216e+00 4.304687999999999626e+00 3.799805000000000099e+00 4.376953000000000316e+00 4.241210999999999842e+00 4.216796999999999684e+00 3.755858999999999615e+00 3.745117000000000029e+00 4.357421999999999684e+00 3.883789000000000158e+00
3.730468999999999813e+00 3.640625000000000000e+00 3.897460999999999842e+00 4.300780999999999743e+00 3.877930000000000099e+00 4.177734000000000059e+00 3.629882999999999971e+00 4.181640999999999941e+00 3.894530999999999743e+00 4.279296999999999684e+00 3.709960999999999842e+00 4.037109000000000059e+00 4.067383000000000415e+00 4.254883000000000415e+00 4.270508000000000415e+00 3.743164000000000158e+00 4.315430000000000099e+00
4.304687999999999626e+00 4.179687999999999626e+00 4.330078000000000316e+00 3.985351999999999784e+00 4.364258000000000415e+00 4.180664000000000158e+00 4.093750000000000000e+00 4.185546999999999684e+00 4.395508000000000415e+00 4.000976999999999784e+00 4.264648000000000216e+00 4.386719000000000257e+00 4.322265999999999941e+00 4.087890999999999941e+00 4.011719000000000257e+00 4.290039000000000158e+00 3.897460999999999842e+00
3.891601999999999784e+00 4.112305000000000099e+00 3.880858999999999615e+00 4.308594000000000257e+00 3.763672000000000128e+00 4.142578000000000316e+00 4.278319999999999901e+00 4.149414000000000158e+00 3.690430000000000099e+00 4.332030999999999743e+00 4.047851999999999784e+00 3.632812000000000374e+00 3.838867000000000029e+00 4.255859000000000059e+00 4.322265999999999941e+00 3.924805000000000099e+00 4.360351999999999784e+00
4.357421999999999684e+00 4.294921999999999684e+00 4.345703000000000316e+00 3.921875000000000000e+00 4.284180000000000099e+00 4.233398000000000216e+00 4.007812000000000374e+00 4.201171999999999684e+00 4.184569999999999901e+00 3.878905999999999743e+00 4.321289000000000158e+00 4.142578000000000316e+00 4.358398000000000216e+00 4.036133000000000415e+00 3.888672000000000128e+00 4.372069999999999901e+00 3.790039000000000158e+00
3.821289000000000158e+00 3.948242000000000029e+00 3.843750000000000000e+00 4.356444999999999901e+00 3.973632999999999971e+00 4.054687999999999626e+00 4.337890999999999941e+00 4.161133000000000415e+00 4.206055000000000099e+00 4.351562000000000374e+00 3.875976999999999784e+00 4.140625000000000000e+00 3.797851999999999784e+00 4.339844000000000257e+00 4.374023000000000216e+00 3.733398000000000216e+00 4.260741999999999585e+00
4.331055000000000099e+00 4.388671999999999684e+00 4.320312000000000374e+00 3.818358999999999615e+00 4.350585999999999842e+00 4.372069999999999901e+00 3.872069999999999901e+00 4.195312000000000374e+00 4.085937999999999626e+00 3.826172000000000128e+00 4.398437999999999626e+00 4.260741999999999585e+00 4.318359000000000059e+00 3.841797000000000128e+00 3.750976999999999784e+00 4.279296999999999684e+00 4.061523000000000216e+00
3.820311999999999930e+00 3.678710999999999842e+00 3.877930000000000099e+00 4.292969000000000257e+00 3.832030999999999743e+00 3.700194999999999901e+00 4.322265999999999941e+00 4.166991999999999585e+00 4.280273000000000216e+00 4.309569999999999901e+00 3.620117000000000029e+00 3.943358999999999615e+00 3.826172000000000128e+00 4.353515999999999941e+00 4.261719000000000257e+00 3.961914000000000158e+00 4.245116999999999585e+00
4.321289000000000158e+00 4.204101999999999784e+00 4.379883000000000415e+00 3.974608999999999615e+00 4.343750000000000000e+00 4.218750000000000000e+00 3.885742000000000029e+00 4.157226999999999784e+00 3.966797000000000128e+00 3.901367000000000029e+00 4.067383000000000415e+00 4.435546999999999684e+00 4.333008000000000415e+00 3.779297000000000128e+00 4.028319999999999901e+00 4.377930000000000099e+00 4.090819999999999901e+00
3.914061999999999930e+00 4.112305000000000099e+00 3.734375000000000000e+00 4.389648000000000216e+00 3.805664000000000158e+00 4.070312000000000374e+00 4.354491999999999585e+00 4.259765999999999941e+00 4.440430000000000099e+00 4.414062000000000374e+00 4.328125000000000000e+00 3.483398000000000216e+00 3.806641000000000385e+00 4.259765999999999941e+00 4.342773000000000216e+00 3.702148000000000216e+00 4.235351999999999784e+00
4.293944999999999901e+00 4.201171999999999684e+00 4.217773000000000216e+00 3.670898000000000216e+00 4.265625000000000000e+00 4.245116999999999585e+00 3.778319999999999901e+00 3.938476999999999784e+00 3.466797000000000128e+00 3.581055000000000099e+00 3.831055000000000099e+00 3.797851999999999784e+00 4.302734000000000059e+00 3.974608999999999615e+00 3.778319999999999901e+00 4.181640999999999941e+00 4.052734000000000059e+00
3.927734000000000059e+00 4.099609000000000059e+00 4.094726999999999784e+00 4.136719000000000257e+00 4.031250000000000000e+00 4.084960999999999842e+00 4.299805000000000099e+00 4.387694999999999901e+00 3.709960999999999842e+00 3.950194999999999901e+00 4.343750000000000000e+00 4.324219000000000257e+00 3.906250000000000000e+00 4.414062000000000374e+00 4.288085999999999842e+00 4.154296999999999684e+00 4.304687999999999626e+00
4.376953000000000316e+00 4.282226999999999784e+00 4.264648000000000216e+00 4.242187999999999626e+00 4.313476999999999784e+00 4.305664000000000158e+00 3.960937999999999626e+00 3.650391000000000385e+00 4.289062000000000374e+00 4.415039000000000158e+00 3.840819999999999901e+00 3.894530999999999743e+00 4.374023000000000216e+00 3.605469000000000257e+00 3.982422000000000128e+00 4.209960999999999842e+00 3.933594000000000257e+00
3.752930000000000099e+00 3.942382999999999971e+00 4.000000000000000000e+00 4.009765999999999941e+00 3.915039000000000158e+00 3.903319999999999901e+00 4.327148000000000216e+00 4.093750000000000000e+00 3.890625000000000000e+00 3.584960999999999842e+00 4.346680000000000099e+00 4.325194999999999901e+00 3.758789000000000158e+00 4.045898000000000216e+00 4.318359000000000059e+00 4.054687999999999626e+00 4.385741999999999585e+00
4.301758000000000415e+00 4.388671999999999684e+00 4.357421999999999684e+00 4.381835999999999842e+00 4.380859000000000059e+00 4.392578000000000316e+00 3.924805000000000099e+00 4.339844000000000257e+00 4.409180000000000099e+00 4.024414000000000158e+00 3.817382999999999971e+00 3.944335999999999842e+00 4.241210999999999842e+00 4.369140999999999941e+00 3.902344000000000257e+00 4.338866999999999585e+00 3.717773000000000216e+00
3.859375000000000000e+00 3.658202999999999872e+00 3.742187999999999626e+00 3.670898000000000216e+00 3.701172000000000128e+00 3.659180000000000099e+00 4.315430000000000099e+00 3.749023000000000216e+00 3.567382999999999971e+00 4.295898000000000216e+00 4.293944999999999901e+00 4.295898000000000216e+00 4.061523000000000216e+00 3.689452999999999872e+00 4.306640999999999941e+00 3.790039000000000158e+00 4.206055000000000099e+00
4.319335999999999842e+00 4.145508000000000415e+00 4.260741999999999585e+00 4.155273000000000216e+00 4.260741999999999585e+00 4.147460999999999842e+00 3.927733999999999615e+00 4.286133000000000415e+00 3.975585999999999842e+00 3.945312000000000374e+00 3.992187999999999626e+00 3.980469000000000257e+00 4.315430000000000099e+00 4.222655999999999743e+00 3.916992000000000029e+00 4.299805000000000099e+00 4.166015999999999941e+00
3.921875000000000000e+00 4.242187999999999626e+00 4.060546999999999684e+00 4.247069999999999901e+00 4.009765999999999941e+00 4.275390999999999941e+00 4.346680000000000099e+00 3.980469000000000257e+00 4.408203000000000316e+00 4.410155999999999743e+00 4.418944999999999901e+00 4.369140999999999941e+00 3.897460999999999842e+00 4.118164000000000158e+00 4.399414000000000158e+00 3.961914000000000158e+00 4.194335999999999842e+00
4.300780999999999743e+00 4.021484000000000059e+00 4.308594000000000257e+00 3.979492000000000029e+00 4.313476999999999784e+00 3.944335999999999842e+00 3.835937999999999626e+00 4.345703000000000316e+00 3.600585999999999842e+00 3.589844000000000257e+00 3.558594000000000257e+00 3.773437999999999626e+00 4.335937999999999626e+00 4.262694999999999901e+00 3.665039000000000158e+00 4.377930000000000099e+00 4.123046999999999684e+00
3.918944999999999901e+00 4.266601999999999784e+00 3.905273000000000216e+00 4.330078000000000316e+00 3.894530999999999743e+00 4.388671999999999684e+00 4.356444999999999901e+00 3.826172000000000128e+00 4.017578000000000316e+00 3.979492000000000029e+00 3.938476999999999784e+00 4.284180000000000099e+00 3.849608999999999615e+00 3.917969000000000257e+00 4.097655999999999743e+00 3.701172000000000128e+00 4.189453000000000316e+00
4.390625000000000000e+00 4.024414000000000158e+00 4.356444999999999901e+00 3.904297000000000128e+00 4.354491999999999585e+00 3.649414000000000158e+00 3.752930000000000099e+00 4.344726999999999784e+00 4.386719000000000257e+00 4.415039000000000158e+00 4.363280999999999743e+00 3.993164000000000158e+00 4.403319999999999901e+00 4.426758000000000415e+00 4.348633000000000415e+00 4.270508000000000415e+00 4.208984000000000059e+00
3.629882999999999971e+00 4.192383000000000415e+00 3.718750000000000000e+00 4.266601999999999784e+00 3.741210999999999842e+00 4.138671999999999684e+00 4.256835999999999842e+00 3.739257999999999971e+00 3.620117000000000029e+00 3.556641000000000385e+00 3.708983999999999615e+00 4.313476999999999784e+00 3.598632999999999971e+00 3.500976999999999784e+00 3.649414000000000158e+00 3.930664000000000158e+00 3.996094000000000257e+00
4.121094000000000257e+00 4.115234000000000059e+00 4.222655999999999743e+00 4.017578000000000316e+00 4.238280999999999743e+00 4.210937999999999626e+00 4.004883000000000415e+00 4.225585999999999842e+00 4.082030999999999743e+00 3.936523000000000216e+00 4.224609000000000059e+00 3.886719000000000257e+00 4.029296999999999684e+00 3.827148000000000216e+00 4.108398000000000216e+00 4.379883000000000415e+00 4.435546999999999684e+00
4.298828000000000316e+00 4.267578000000000316e+00 4.105469000000000257e+00 4.379883000000000415e+00 4.093750000000000000e+00 4.155273000000000216e+00 4.410155999999999743e+00 4.142578000000000316e+00 4.322265999999999941e+00 4.354491999999999585e+00 4.067383000000000415e+00 4.377930000000000099e+00 4.354491999999999585e+00 4.321289000000000158e+00 4.270508000000000415e+00 3.715819999999999901e+00 3.552733999999999615e+00
3.904297000000000128e+00 3.969726999999999784e+00 4.174805000000000099e+00 3.717773000000000216e+00 4.159180000000000099e+00 4.122069999999999901e+00 3.573242000000000029e+00 4.148437999999999626e+00 3.806641000000000385e+00 3.751952999999999872e+00 4.233398000000000216e+00 3.743164000000000158e+00 3.733398000000000216e+00 3.889648000000000216e+00 3.941405999999999743e+00 4.208008000000000415e+00 3.955077999999999872e+00
4.374023000000000216e+00 4.398437999999999626e+00 4.253905999999999743e+00 4.268555000000000099e+00 4.271484000000000059e+00 4.284180000000000099e+00 4.068359000000000059e+00 4.287109000000000059e+00 4.410155999999999743e+00 4.303710999999999842e+00 4.106444999999999901e+00 4.305664000000000158e+00 4.312500000000000000e+00 4.384765999999999941e+00 4.438476999999999784e+00 4.163085999999999842e+00 4.409180000000000099e+00
3.705077999999999872e+00 3.664061999999999930e+00 3.904297000000000128e+00 3.985351999999999784e+00 3.875976999999999784e+00 3.901367000000000029e+00 4.276366999999999585e+00 3.876952999999999872e+00 3.512694999999999901e+00 3.833007999999999971e+00 4.191405999999999743e+00 3.844726999999999784e+00 3.842773000000000216e+00 3.662108999999999615e+00 3.427733999999999615e+00 4.121094000000000257e+00 3.587891000000000385e+00
4.254883000000000415e+00 4.227539000000000158e+00 4.389648000000000216e+00 4.402344000000000257e+00 4.379883000000000415e+00 4.400390999999999941e+00 4.016601999999999784e+00 4.408203000000000316e+00 3.858398000000000216e+00 4.375976999999999784e+00 4.211914000000000158e+00 4.441405999999999743e+00 4.396484000000000059e+00 4.173828000000000316e+00 3.619141000000000385e+00 4.318359000000000059e+00 4.041015999999999941e+00
3.941406000000000187e+00 3.962890999999999941e+00 3.643555000000000099e+00 3.607422000000000128e+00 3.676757999999999971e+00 3.582030999999999743e+00 4.249023000000000216e+00 3.619141000000000385e+00 4.295898000000000216e+00 3.689452999999999872e+00 4.029296999999999684e+00 3.420898000000000216e+00 3.612305000000000099e+00 4.092773000000000216e+00 4.017578000000000316e+00 3.805664000000000158e+00 4.249023000000000216e+00
4.351562000000000374e+00 4.368164000000000158e+00 4.144530999999999743e+00 4.051758000000000415e+00 4.201171999999999684e+00 3.996094000000000257e+00 4.032226999999999784e+00 4.103515999999999941e+00 3.949219000000000257e+00 4.222655999999999743e+00 4.347655999999999743e+00 3.561523000000000216e+00 4.032226999999999784e+00 4.283203000000000316e+00 4.362305000000000099e+00 4.300780999999999743e+00 4.062500000000000000e+00
3.821289000000000158e+00 3.796875000000000000e+00 4.157226999999999784e+00 4.335937999999999626e+00 4.087890999999999941e+00 4.296875000000000000e+00 4.334960999999999842e+00 4.302734000000000059e+00 4.335937999999999626e+00 4.018555000000000099e+00 3.795898000000000216e+00 3.948242000000000029e+00 4.340819999999999901e+00 3.957030999999999743e+00 3.788085999999999842e+00 3.897460999999999842e+00 4.292969000000000257e+00
4.313476999999999784e+00 4.322265999999999941e+00 4.238280999999999743e+00 3.825194999999999901e+00 4.334960999999999842e+00 3.912108999999999615e+00 3.796875000000000000e+00 3.873047000000000128e+00 3.875000000000000000e+00 4.382812000000000374e+00 4.339844000000000257e+00 4.417969000000000257e+00 3.862305000000000099e+00 4.418944999999999901e+00 4.319335999999999842e+00 4.410155999999999743e+00 3.956055000000000099e+00
3.897460999999999842e+00 3.897460999999999842e+00 3.968750000000000000e+00 4.339844000000000257e+00 3.846680000000000099e+00 4.362305000000000099e+00 4.378905999999999743e+00 4.370116999999999585e+00 4.333984000000000059e+00 3.678710999999999842e+00 3.785155999999999743e+00 3.551757999999999971e+00 4.345703000000000316e+00 3.521483999999999615e+00 3.860351999999999784e+00 3.521483999999999615e+00 4.336914000000000158e+00
4.326171999999999684e+00 4.342773000000000216e+00 4.296875000000000000e+00 3.782226999999999784e+00 4.292969000000000257e+00 3.776367000000000029e+00 3.649414000000000158e+00 3.676757999999999971e+00 3.833007999999999971e+00 4.172851999999999784e+00 4.325194999999999901e+00 3.909180000000000099e+00 3.807617000000000029e+00 3.860351999999999784e+00 4.357421999999999684e+00 3.867187999999999626e+00 3.881835999999999842e+00
3.886718999999999813e+00 3.837890999999999941e+00 4.017578000000000316e+00 4.314453000000000316e+00 4.015625000000000000e+00 4.297851999999999784e+00 4.141601999999999784e+00 4.178710999999999842e+00 4.351562000000000374e+00 4.150390999999999941e+00 3.847655999999999743e+00 4.434569999999999901e+00 4.368164000000000158e+00 4.389648000000000216e+00 3.819335999999999842e+00 4.413085999999999842e+00 4.380859000000000059e+00
4.369140999999999941e+00 4.367187999999999626e+00 4.232421999999999684e+00 3.946289000000000158e+00 4.223633000000000415e+00 3.928710999999999842e+00 4.213866999999999585e+00 4.135741999999999585e+00 3.811523000000000216e+00 4.211914000000000158e+00 4.336914000000000158e+00 3.511719000000000257e+00 3.736327999999999872e+00 3.646483999999999615e+00 4.294921999999999684e+00 3.545898000000000216e+00 3.691405999999999743e+00
3.796875000000000000e+00 3.796875000000000000e+00 4.015625000000000000e+00 4.385741999999999585e+00 4.036133000000000415e+00 4.353515999999999941e+00 4.117187999999999626e+00 4.221680000000000099e+00 4.365234000000000059e+00 4.071289000000000158e+00 3.817382999999999971e+00 3.787108999999999615e+00 4.275390999999999941e+00 4.073241999999999585e+00 3.954101999999999784e+00 3.924805000000000099e+00 4.160155999999999743e+00
4.349609000000000059e+00 4.330078000000000316e+00 4.376953000000000316e+00 3.770507999999999971e+00 4.343750000000000000e+00 3.803710999999999842e+00 4.267578000000000316e+00 4.085937999999999626e+00 3.780273000000000216e+00 4.334960999999999842e+00 4.342773000000000216e+00 4.348633000000000415e+00 4.040039000000000158e+00 4.375976999999999784e+00 4.418944999999999901e+00 4.423828000000000316e+00 4.225585999999999842e+00
3.794922000000000128e+00 3.837890999999999941e+00 3.692382999999999971e+00 4.277344000000000257e+00 3.745117000000000029e+00 4.310546999999999684e+00 4.002930000000000099e+00 4.266601999999999784e+00 4.296875000000000000e+00 3.770507999999999971e+00 3.807617000000000029e+00 3.750000000000000000e+00 4.262694999999999901e+00 3.615233999999999615e+00 3.551757999999999971e+00 3.481444999999999901e+00 3.995117000000000029e+00
4.296875000000000000e+00 4.341796999999999684e+00 4.180664000000000158e+00 4.002930000000000099e+00 4.259765999999999941e+00 3.908202999999999872e+00 4.361328000000000316e+00 3.972655999999999743e+00 3.898437999999999626e+00 4.295898000000000216e+00 4.375976999999999784e+00 4.231444999999999901e+00 4.026366999999999585e+00 4.037109000000000059e+00 3.924805000000000099e+00 3.785155999999999743e+00 4.350585999999999842e+00
3.957031000000000187e+00 3.835938000000000070e+00 4.155273000000000216e+00 4.336914000000000158e+00 4.043944999999999901e+00 4.332030999999999743e+00 3.759766000000000385e+00 4.386719000000000257e+00 4.412109000000000059e+00 3.921875000000000000e+00 3.687500000000000000e+00 4.085937999999999626e+00 4.350585999999999842e+00 4.360351999999999784e+00 4.402344000000000257e+00 4.310546999999999684e+00 3.801757999999999971e+00
4.319335999999999842e+00 4.335937999999999626e+00 4.140625000000000000e+00 3.818358999999999615e+00 4.286133000000000415e+00 3.875000000000000000e+00 4.276366999999999585e+00 3.662108999999999615e+00 3.573242000000000029e+00 4.347655999999999743e+00 4.242187999999999626e+00 4.294921999999999684e+00 3.823242000000000029e+00 3.713867000000000029e+00 3.623047000000000128e+00 3.891601999999999784e+00 4.313476999999999784e+00
3.883789000000000158e+00 3.830077999999999872e+00 4.186523000000000216e+00 4.292969000000000257e+00 3.985351999999999784e+00 4.341796999999999684e+00 3.970702999999999872e+00 4.097655999999999743e+00 3.938476999999999784e+00 3.785155999999999743e+00 3.992187999999999626e+00 3.979492000000000029e+00 4.323241999999999585e+00 4.250976999999999784e+00 4.058594000000000257e+00 4.351562000000000374e+00 3.887694999999999901e+00
4.424805000000000099e+00 4.408203000000000316e+00 4.205078000000000316e+00 4.012694999999999901e+00 4.359375000000000000e+00 3.888672000000000128e+00 4.370116999999999585e+00 4.326171999999999684e+00 4.448241999999999585e+00 4.344726999999999784e+00 4.417969000000000257e+00 4.360351999999999784e+00 3.927733999999999615e+00 4.075194999999999901e+00 4.378905999999999743e+00 3.818358999999999615e+00 4.410155999999999743e+00
